
CREATE TABLE IF NOT EXISTS `fakultas` (
  `id` int NOT NULL AUTO_INCREMENT,
  `value` varchar(255) COLLATE utf8mb4_general_ci DEFAULT NULL,
  `data` varchar(255) COLLATE utf8mb4_general_ci DEFAULT NULL,
  PRIMARY KEY (`id`)
) ENGINE=InnoDB AUTO_INCREMENT=107 DEFAULT CHARSET=utf8mb4 COLLATE=utf8mb4_general_ci;

-- Dumping data for table si_data_sekolah.fakultas: ~106 rows (approximately)
INSERT INTO `fakultas` (`id`, `value`, `data`) VALUES
	(1, 'Fakultas Pertanian (FAPERTA)', 'Fakultas Pertanian (FAPERTA)'),
	(2, 'Fakultas Ekonomi dan Bisnis (FEB)', 'Fakultas Ekonomi dan Bisnis (FEB)'),
	(3, 'Fakultas Keguruan dan Ilmu Pendidikan (FKIP)', 'Fakultas Keguruan dan Ilmu Pendidikan (FKIP)'),
	(4, 'Fakultas Hukum (FH)', 'Fakultas Hukum (FH)'),
	(5, 'Fakultas Ilmu Sosial dan Ilmu Politik (FISIP)', 'Fakultas Ilmu Sosial dan Ilmu Politik (FISIP)'),
	(6, 'Fakultas Teknik (FT)', 'Fakultas Teknik (FT)'),
	(7, 'Fakultas Matematika dan Ilmu Pengetahuan Alam (FMIPA)', 'Fakultas Matematika dan Ilmu Pengetahuan Alam (FMIPA)'),
	(8, 'Fakultas Kedokteran dan Ilmu Kesehatan (FKIK)', 'Fakultas Kedokteran dan Ilmu Kesehatan (FKIK)'),
	(9, 'Fakultas Sastra/Ilmu Budaya', 'Fakultas Sastra/Ilmu Budaya'),
	(10, 'Fakultas Seni Rupa dan Desain', 'Fakultas Seni Rupa dan Desain'),
	(11, 'Fakultas Ilmu Keperawatan', 'Fakultas Ilmu Keperawatan'),
	(12, 'Fakultas Ushuluddin', 'Fakultas Ushuluddin'),
	(13, 'Fakultas Dirasat Islamiyah', 'Fakultas Dirasat Islamiyah'),
	(14, 'Fakultas Pariwisata dan Perhotelan', 'Fakultas Pariwisata dan Perhotelan'),
	(15, 'Fakultas Kedokteran Gigi: Pendidikan Dokter Gigi', 'Fakultas Kedokteran Gigi: Pendidikan Dokter Gigi'),
	(16, 'Fakultas Farmasi: Farmasi', 'Fakultas Farmasi: Farmasi'),
	(17, 'Fakultas Kesehatan Masyarakat', 'Fakultas Kesehatan Masyarakat'),
	(18, 'Fakultas Ilmu Komputer', 'Fakultas Ilmu Komputer'),
	(19, 'Fakultas Ilmu Pengetahuan Budaya', 'Fakultas Ilmu Pengetahuan Budaya'),
	(20, 'Fakultas Psikologi', 'Fakultas Psikologi'),
	(21, 'Fakultas Ilmu Administrasi', 'Fakultas Ilmu Administrasi'),
	(22, 'Fakultas Filsafat', 'Fakultas Filsafat'),
	(23, 'Fakultas Kedokteran Hewan', 'Fakultas Kedokteran Hewan'),
	(24, 'Fakultas Kehutanan', 'Fakultas Kehutanan'),
	(25, 'Fakultas Teknik Pertambangan dan Perminyakan', 'Fakultas Teknik Pertambangan dan Perminyakan'),
	(26, 'Fakultas Ilmu dan Teknologi Kebumian', 'Fakultas Ilmu dan Teknologi Kebumian'),
	(27, 'Fakultas Teknologi Industri', 'Fakultas Teknologi Industri'),
	(28, 'Fakultas Teknik Mesin dan Dirgantara', 'Fakultas Teknik Mesin dan Dirgantara'),
	(29, 'Fakultas Teknik Sipil dan Lingkungan', 'Fakultas Teknik Sipil dan Lingkungan'),
	(30, 'Fakultas Seni Rupa dan Desain', 'Fakultas Seni Rupa dan Desain'),
	(31, 'Fakultas Perikanan dan Ilmu Kelautan', 'Fakultas Perikanan dan Ilmu Kelautan'),
	(32, 'Fakultas Peternakan', 'Fakultas Peternakan'),
	(33, 'Pendidikan Bidan', 'Pendidikan Bidan'),
	(34, 'Program Vokasi', 'Program Vokasi'),
	(35, 'POLRI', 'POLRI'),
	(36, 'TNI', 'TNI'),
	(37, 'Politeknik Keuangan Negara STAN (PKN STAN)', 'Politeknik Keuangan Negara STAN (PKN STAN)'),
	(38, 'Institut Pemerintahan Dalam Negeri (IPDN)', 'Institut Pemerintahan Dalam Negeri (IPDN)'),
	(39, 'Politeknik Ilmu Pemasyarakatan (Poltekip)', 'Politeknik Ilmu Pemasyarakatan (Poltekip)'),
	(40, 'Politeknik Imigrasi (Poltekim)', 'Politeknik Imigrasi (Poltekim)'),
	(41, 'Politeknik Transportasi Darat Indonesia (PTDI)', 'Politeknik Transportasi Darat Indonesia (PTDI)'),
	(42, 'Politeknik Perkeretaapian Indonesia (PPI)', 'Politeknik Perkeretaapian Indonesia (PPI)'),
	(43, 'Sekolah Tinggi Ilmu Pelayaran (STIP)', 'Sekolah Tinggi Ilmu Pelayaran (STIP)'),
	(44, 'Politeknik Penerbangan Indonesia (PPI)', 'Politeknik Penerbangan Indonesia (PPI)'),
	(45, 'Politeknik Statistika STIS (Polstat STIS)', 'Politeknik Statistika STIS (Polstat STIS)'),
	(46, 'Sekolah Tinggi Meteorologi, Klimatologi, dan Geofisika (STMKG)', 'Sekolah Tinggi Meteorologi, Klimatologi, dan Geofisika (STMKG)'),
	(47, 'Sekolah Tinggi Intelijen Negara (STIN)', 'Sekolah Tinggi Intelijen Negara (STIN)'),
	(48, 'Politeknik Siber dan Sandi Negara (Poltek SSN)', 'Politeknik Siber dan Sandi Negara (Poltek SSN)'),
	(49, 'Politeknik Keuangan Negara STAN', 'Politeknik Keuangan Negara STAN'),
	(50, 'Politeknik Rekayasa', 'Politeknik Rekayasa'),
	(51, 'Fakultas Sains dan Teknologi', 'Fakultas Sains dan Teknologi'),
	(52, 'Fakultas Teknik Sipil', 'Fakultas Teknik Sipil'),
	(53, 'Fakultas Teknis Mesin', 'Fakultas Teknis Mesin'),
	(54, 'Politeknik Statistika STIS', 'Politeknik Statistika STIS'),
	(55, 'Program Studi Desain Komunikasi Visual', 'Program Studi Desain Komunikasi Visual'),
	(56, 'Program Studi Seni Kriya', 'Program Studi Seni Kriya'),
	(57, 'Fakultas Seni Rupa dan Desain (FSRD)', 'Fakultas Seni Rupa dan Desain (FSRD)'),
	(58, 'Pendidikan Matematika', 'Pendidikan Matematika'),
	(59, 'Pendidikan Fisika', 'Pendidikan Fisika'),
	(60, 'Pendidikan Biologi', 'Pendidikan Biologi'),
	(61, 'Pendidikan Kimia', 'Pendidikan Kimia'),
	(62, 'Pendidikan Agama Islam', 'Pendidikan Agama Islam'),
	(63, 'Pendidikan Bahasa Arab', 'Pendidikan Bahasa Arab'),
	(64, 'Pendidikan Guru Madrasah Ibtidaiyah', 'Pendidikan Guru Madrasah Ibtidaiyah'),
	(65, 'Pendidikan Bahasa Inggris', 'Pendidikan Bahasa Inggris'),
	(66, 'Hukum Keluarga', 'Hukum Keluarga'),
	(67, 'Hukum Ekonomi Syariah', 'Hukum Ekonomi Syariah'),
	(68, 'Perbandingan Mazhab', 'Perbandingan Mazhab'),
	(69, 'Hukum Pidana Islam', 'Hukum Pidana Islam'),
	(70, 'Aqidah dan Filsafat islam', 'Aqidah dan Filsafat islam'),
	(71, 'Sosiologi Agama', 'Sosiologi Agama'),
	(72, 'Studi Agama Agama', 'Studi Agama Agama'),
	(73, 'Ilmu Al-Quran dan Tafsir', 'Ilmu Al-Quran dan Tafsir'),
	(74, 'Komunikasi dan Penyiaran Islam', 'Komunikasi dan Penyiaran Islam'),
	(75, 'Bimbingan dan Konseling Islam', 'Bimbingan dan Konseling Islam'),
	(76, 'Manajemen Dakwah', 'Manajemen Dakwah'),
	(77, 'Pengembangan Masyarakat Islam', 'Pengembangan Masyarakat Islam'),
	(78, 'Bahasa dan Sastra Arab', 'Bahasa dan Sastra Arab'),
	(79, 'Sejarah dan Kebudayaan Islam', 'Sejarah dan Kebudayaan Islam'),
	(80, 'Manajemen Pendidikan Islam', 'Manajemen Pendidikan Islam'),
	(81, 'Hukum Tata Negara', 'Hukum Tata Negara'),
	(82, 'Pendidikan Islam Anak Usia Dini', 'Pendidikan Islam Anak Usia Dini'),
	(83, 'Ekonomi Syariah', 'Ekonomi Syariah'),
	(84, 'Perbankan Syariah', 'Perbankan Syariah'),
	(85, 'Ilmu Hadis', 'Ilmu Hadis'),
	(86, 'Fakultas Syariah dan Hukum', 'Fakultas Syariah dan Hukum'),
	(87, 'Tarbiyah dan Keguruan', 'Tarbiyah dan Keguruan'),
	(88, 'Fakultas Ushuluddin dan Filsafat', 'Fakultas Ushuluddin dan Filsafat'),
	(89, 'Dakwah dan Komunikasi', 'Dakwah dan Komunikasi'),
	(90, 'Fakultas Ekonomi dan Bisnis', 'Fakultas Ekonomi dan Bisnis'),
	(91, 'Fakultas Ilmu Sosial dan Pemerintahan', 'Fakultas Ilmu Sosial dan Pemerintahan'),
	(92, 'Fakultas Psikologi', 'Fakultas Psikologi'),
	(93, 'Fakultas Adab dan Humaniora', 'Fakultas Adab dan Humaniora'),
	(94, 'Fakultas Ekonomi dan Bisnis', 'Fakultas Ekonomi dan Bisnis'),
	(95, 'Fakultas Sains dan Teknologi', 'Fakultas Sains dan Teknologi'),
	(96, 'Fakultas Adab dan Humaniora', 'Fakultas Adab dan Humaniora'),
	(97, 'Jurusan Keperawatan Banda Aceh', 'Jurusan Keperawatan Banda Aceh'),
	(98, 'Jurusan Kebidanan', 'Jurusan Kebidanan'),
	(99, 'Jurusan Gizi', 'Jurusan Gizi'),
	(100, 'Jurusan Kesehatan Gigi', 'Jurusan Kesehatan Gigi'),
	(101, 'Jurusan Kesehatan Lingkungan', 'Jurusan Kesehatan Lingkungan'),
	(102, 'Jurusan Lingkungan Mandiri', 'Jurusan Lingkungan Mandiri'),
	(103, 'SDM Persawitan', 'SDM Persawitan'),
	(104, 'Teknik Arsitektur', 'Teknik Arsitektur'),
	(105, 'LP3I - Ekonomi', 'LP3I - Ekonomi'),
	(106, 'LP3I - Sekretaris', 'LP3I - Sekretaris');

-- Dumping structure for table si_data_sekolah.jalur
CREATE TABLE IF NOT EXISTS `jalur` (
  `id` int NOT NULL AUTO_INCREMENT,
  `name` varchar(250) CHARACTER SET utf8mb4 COLLATE utf8mb4_unicode_ci NOT NULL,
  PRIMARY KEY (`id`)
) ENGINE=InnoDB AUTO_INCREMENT=6 DEFAULT CHARSET=utf8mb4 COLLATE=utf8mb4_unicode_ci;

-- Dumping data for table si_data_sekolah.jalur: ~4 rows (approximately)
INSERT INTO `jalur` (`id`, `name`) VALUES
	(1, 'SNBP'),
	(2, 'SNBT'),
	(3, 'SPAN PTKIN'),
	(4, 'PT SWASTA'),
	(5, 'KEDINASAN');

-- Dumping structure for table si_data_sekolah.karir
CREATE TABLE IF NOT EXISTS `karir` (
  `id` int NOT NULL AUTO_INCREMENT,
  `name` varchar(200) DEFAULT NULL,
  PRIMARY KEY (`id`),
  UNIQUE KEY `name` (`name`)
) ENGINE=InnoDB AUTO_INCREMENT=23 DEFAULT CHARSET=utf8mb4 COLLATE=utf8mb4_unicode_ci;

-- Dumping data for table si_data_sekolah.karir: ~22 rows (approximately)
INSERT INTO `karir` (`id`, `name`) VALUES
	(19, 'Anak Buah Kapal'),
	(18, 'Berbisnis Sendiri'),
	(17, 'Berjualan'),
	(13, 'Bisnis Online'),
	(14, 'Blogger/Youtuber'),
	(21, 'Customer Service'),
	(8, 'Desain Grafis'),
	(15, 'Ibu Rumah Tangga'),
	(4, 'Karyawan Bank'),
	(5, 'Karyawan Hotel'),
	(3, 'Karyawan Swasta'),
	(1, 'Mahasiswa'),
	(9, 'Makelar/Agen'),
	(7, 'Mekanik dan Reparasi'),
	(22, 'Pegawai BUMN'),
	(2, 'Pegawai Negeri Sipil (PNS)'),
	(16, 'Pengangguran'),
	(6, 'Petani dan Peternak'),
	(12, 'Polisi'),
	(20, 'Sales Marketing'),
	(10, 'Seniman'),
	(11, 'Tentara');

-- Dumping structure for table si_data_sekolah.kota
CREATE TABLE IF NOT EXISTS `kota` (
  `id` int NOT NULL AUTO_INCREMENT,
  `name` varchar(255) CHARACTER SET utf8mb4 COLLATE utf8mb4_general_ci DEFAULT NULL,
  PRIMARY KEY (`id`),
  UNIQUE KEY `name` (`name`)
) ENGINE=InnoDB AUTO_INCREMENT=32 DEFAULT CHARSET=utf8mb4 COLLATE=utf8mb4_unicode_ci;

-- Dumping data for table si_data_sekolah.kota: ~23 rows (approximately)
INSERT INTO `kota` (`id`, `name`) VALUES
	(4, 'ACEH BARAT'),
	(18, 'ACEH BARAT DAYA'),
	(2, 'ACEH BESAR'),
	(21, 'ACEH JAYA'),
	(12, 'ACEH SELATAN'),
	(14, 'ACEH SINGKIL'),
	(11, 'ACEH TAMIANG'),
	(13, 'ACEH TENGAH'),
	(22, 'ACEH TENGGARA'),
	(23, 'ACEH TIMUR'),
	(9, 'ACEH UTARA'),
	(17, 'BANDA ACEH'),
	(20, 'BENER MERIAH'),
	(10, 'BIREUEN'),
	(19, 'GAYO LUES'),
	(5, 'LANGSA'),
	(3, 'LHOKSEUMAWE'),
	(15, 'NAGAN RAYA'),
	(8, 'PIDIE'),
	(6, 'PIDIE JAYA'),
	(24, 'SABANG'),
	(16, 'SIMEULUE'),
	(7, 'SUBULUSSALAM');

-- Dumping structure for table si_data_sekolah.roles
CREATE TABLE IF NOT EXISTS `roles` (
  `id` int NOT NULL AUTO_INCREMENT,
  `name` varchar(50) CHARACTER SET utf8mb4 COLLATE utf8mb4_unicode_ci NOT NULL,
  PRIMARY KEY (`id`)
) ENGINE=InnoDB AUTO_INCREMENT=4 DEFAULT CHARSET=utf8mb4 COLLATE=utf8mb4_unicode_ci;

-- Dumping data for table si_data_sekolah.roles: ~2 rows (approximately)
INSERT INTO `roles` (`id`, `name`) VALUES
	(1, 'super admin'),
	(2, 'admin kota/kabupaten'),
	(3, 'admin sekolah');

-- Dumping structure for table si_data_sekolah.sekolah
CREATE TABLE IF NOT EXISTS `sekolah` (
  `id` int NOT NULL AUTO_INCREMENT,
  `name` varchar(200) CHARACTER SET utf8mb4 COLLATE utf8mb4_unicode_ci DEFAULT NULL,
  `kota_id` int DEFAULT NULL,
  PRIMARY KEY (`id`),
  KEY `FK_sekolah_kota` (`kota_id`),
  CONSTRAINT `FK_sekolah_kota` FOREIGN KEY (`kota_id`) REFERENCES `kota` (`id`) ON UPDATE CASCADE
) ENGINE=InnoDB AUTO_INCREMENT=832 DEFAULT CHARSET=utf8mb4 COLLATE=utf8mb4_unicode_ci;

-- Dumping data for table si_data_sekolah.sekolah: ~831 rows (approximately)
INSERT INTO `sekolah` (`id`, `name`, `kota_id`) VALUES
	(1, 'ACEH BESAR', 2),
	(2, 'SMA AL QUR AN AR-RAUDHAH', 3),
	(3, 'SMA BABUL ISTIQAMAH', 4),
	(4, 'SMA BP AN-NAHLA', 3),
	(5, 'SMA CUT NYAK DHIEN', 5),
	(6, 'SMA DARUSSAADAH LANGIEN', 6),
	(7, 'SMA DARUSSAADAH PIJAY', 6),
	(8, 'SMA DAYAH PERBATASAN MINHAJUSSALAM', 7),
	(9, 'SMA FAJAR HIDAYAH', 2),
	(10, 'SMA HIDAYATULLAH', 7),
	(11, 'SMA ISLAM AL-FALAH', 2),
	(12, 'SMA Islam Al-Khaidar', 8),
	(13, 'SMA ISLAM DARUL MUTA ALLIMIN', 9),
	(14, 'SMA Islam Ruhul Falah', 2),
	(15, 'SMA ISLAM SWASTA IHDAL ULUM AL AZIZIYAH', 10),
	(16, 'SMA ISLAM SWASTA MIFTAHUL ILMI', 11),
	(17, 'SMA ISLAM TERPADU AL-USWAH', 8),
	(18, 'SMA ISLAM TERPADU DARUL AMILIN', 12),
	(19, 'SMA IT Al Falah Takengon', 13),
	(20, 'SMA IT AL FITYAN', 2),
	(21, 'SMA IT Al-Hafidz Rizqullah', 14),
	(22, 'SMA IT ASSALAM ISLAMIC SCHOOL', 10),
	(23, 'SMA IT AWJA', 2),
	(24, 'SMA IT Darul Mutaalimin', 4),
	(25, 'SMA IT DARUL ULUM UMAR FARUQ', 2),
	(26, 'SMA IT Dayah Mulia', 2),
	(27, 'SMA IT Nurul Ikhwah', 15),
	(28, 'SMA IT Ruhul Islam', 16),
	(29, 'SMA JAYA LANGSA', 5),
	(30, 'SMA Keberbakatan Olahraga Negeri Aceh', 17),
	(31, 'SMA Madani Al-Aziziyah', 2),
	(32, 'SMA MUHAMMADIYAH 6 MEULABOH', 4),
	(33, 'SMA MUHAMMADIYAH LANGSA', 5),
	(34, 'SMA N 1 LANGSA', 5),
	(35, 'SMA N 2 LANGSA', 5),
	(36, 'SMA N 3 LANGSA', 5),
	(37, 'SMA N 4 LANGSA', 5),
	(38, 'SMA N 5 LANGSA', 5),
	(39, 'SMA NEGERI 1 ACEH BARAT DAYA', 18),
	(40, 'SMA NEGERI 1 BAITUSSALAM', 2),
	(41, 'SMA NEGERI 1 BAKTIYA', 9),
	(42, 'SMA NEGERI 1 BAKTIYA BARAT', 9),
	(43, 'SMA NEGERI 1 BANDA BARO', 9),
	(44, 'SMA Negeri 1 Bandar Pusaka', 11),
	(45, 'SMA NEGERI 1 BIREUEN', 10),
	(46, 'SMA NEGERI 1 BLANGJERANGO', 19),
	(47, 'SMA NEGERI 1 BLANGKEJEREN', 19),
	(48, 'SMA NEGERI 1 BLANGPEGAYON', 19),
	(49, 'SMA NEGERI 1 BUBON', 4),
	(50, 'SMA NEGERI 1 BUKIT', 20),
	(51, 'SMA NEGERI 1 CALANG', 21),
	(52, 'SMA NEGERI 1 COT GIREK', 9),
	(53, 'SMA NEGERI 1 DARUL HIKMAH', 21),
	(54, 'SMA NEGERI 1 DARUL IMARAH', 2),
	(55, 'SMA NEGERI 1 DARUSSALAM', 2),
	(56, 'SMA NEGERI 1 DEWANTARA', 9),
	(57, 'SMA NEGERI 1 GANDAPURA', 10),
	(58, 'SMA NEGERI 1 GEUREUDONG PASE', 9),
	(59, 'SMA NEGERI 1 INDRA JAYA', 21),
	(60, 'SMA NEGERI 1 INDRAPURI', 2),
	(61, 'SMA NEGERI 1 INGIN JAYA', 2),
	(62, 'SMA NEGERI 1 JANGKA', 10),
	(63, 'SMA NEGERI 1 JAYA', 21),
	(64, 'SMA NEGERI 1 JEUMPA', 10),
	(65, 'SMA NEGERI 1 JEUNIEB', 10),
	(66, 'SMA NEGERI 1 JULI', 10),
	(67, 'SMA NEGERI 1 KAWAY XVI', 4),
	(68, 'SMA NEGERI 1 KOTA JANTHO', 2),
	(69, 'SMA NEGERI 1 KRUENG BARONA JAYA', 2),
	(70, 'SMA NEGERI 1 KRUENG SABEE', 21),
	(71, 'SMA NEGERI 1 KUALA', 10),
	(72, 'SMA NEGERI 1 KUTA BARO', 2),
	(73, 'SMA NEGERI 1 KUTA COT GLIE', 2),
	(74, 'SMA NEGERI 1 KUTA MAKMUR', 9),
	(75, 'SMA NEGERI 1 KUTABLANG', 10),
	(76, 'SMA NEGERI 1 KUTAPANJANG', 19),
	(77, 'SMA NEGERI 1 LABUHAN HAJI', 12),
	(78, 'SMA NEGERI 1 LANGKAHAN', 9),
	(79, 'SMA NEGERI 1 LEMBAH SEULAWAH', 2),
	(80, 'SMA NEGERI 1 LEUPUNG', 2),
	(81, 'SMA NEGERI 1 LEUSER', 22),
	(82, 'SMA NEGERI 1 LHOKSUKON', 9),
	(83, 'SMA NEGERI 1 LONGKIB', 7),
	(84, 'SMA NEGERI 1 MAKMUR', 10),
	(85, 'SMA NEGERI 1 MATANG KULI', 9),
	(86, 'SMA NEGERI 1 MESIDAH', 20),
	(87, 'SMA NEGERI 1 MESJID RAYA', 2),
	(88, 'SMA NEGERI 1 MEULABOH', 4),
	(89, 'SMA NEGERI 1 MEURAH MULIA', 9),
	(90, 'SMA NEGERI 1 MEUREUBO', 4),
	(91, 'SMA NEGERI 1 MUARA BATU', 9),
	(92, 'SMA NEGERI 1 NISAM', 9),
	(93, 'SMA NEGERI 1 PANDRAH', 10),
	(94, 'SMA NEGERI 1 PANGA', 21),
	(95, 'SMA NEGERI 1 PANTAN CUACA', 19),
	(96, 'SMA NEGERI 1 PANTE CEUREUMEN', 4),
	(97, 'SMA NEGERI 1 PANTON REE', 4),
	(98, 'SMA NEGERI 1 PAYA BAKONG', 9),
	(99, 'SMA NEGERI 1 PENANGGALAN', 7),
	(100, 'SMA NEGERI 1 PERMATA', 20),
	(101, 'SMA NEGERI 1 PEUDADA', 10),
	(102, 'SMA NEGERI 1 PEUKAN BADA', 2),
	(103, 'SMA NEGERI 1 PEULIMBANG', 10),
	(104, 'SMA NEGERI 1 PEUSANGAN', 10),
	(105, 'SMA NEGERI 1 PEUSANGAN SELATAN', 10),
	(106, 'SMA NEGERI 1 PEUSANGAN SIBLAH KRUENG', 10),
	(107, 'SMA NEGERI 1 PINING', 19),
	(108, 'SMA NEGERI 1 PINTU RIME GAYO', 20),
	(109, 'SMA NEGERI 1 PIRAK TIMU', 9),
	(110, 'SMA NEGERI 1 PULAU BANYAK BARAT', 14),
	(111, 'SMA NEGERI 1 PULO ACEH', 2),
	(112, 'SMA NEGERI 1 PUTRI BETUNG', 19),
	(113, 'SMA Negeri 1 Rantau', 11),
	(114, 'SMA NEGERI 1 RIKIT GAIB', 19),
	(115, 'SMA NEGERI 1 SAMADUA', 12),
	(116, 'SMA NEGERI 1 SAMALANGA', 10),
	(117, 'SMA NEGERI 1 SAMATIGA', 4),
	(118, 'SMA NEGERI 1 SAMPOINIET', 21),
	(119, 'SMA NEGERI 1 SAMUDERA', 9),
	(120, 'SMA NEGERI 1 SAWANG', 9),
	(121, 'SMA Negeri 1 Sekerak', 11),
	(122, 'SMA NEGERI 1 SETIA BAKTI', 21),
	(123, 'SMA NEGERI 1 SEULIMEUM', 2),
	(124, 'SMA NEGERI 1 SEUNUDDON', 9),
	(125, 'SMA NEGERI 1 SIMPANG KEURAMAT', 9),
	(126, 'SMA NEGERI 1 SIMPANG KIRI', 7),
	(127, 'SMA NEGERI 1 SIMPANG MAMPLAM', 10),
	(128, 'SMA NEGERI 1 SIMPANG TIGA', 2),
	(129, 'SMA NEGERI 1 SUKA MAKMUE', 15),
	(130, 'SMA NEGERI 1 SUKAMAKMUR', 2),
	(131, 'SMA NEGERI 1 SULTAN DAULAT', 7),
	(132, 'SMA NEGERI 1 SUNGAI MAS', 4),
	(133, 'SMA NEGERI 1 SYAMTALIRA ARON', 9),
	(134, 'SMA NEGERI 1 SYAMTALIRA BAYU', 9),
	(135, 'SMA NEGERI 1 SYIAH UTAMA', 20),
	(136, 'SMA NEGERI 1 TANAH JAMBO AYE', 9),
	(137, 'SMA NEGERI 1 TANAH LUAS', 9),
	(138, 'SMA NEGERI 1 TANAH PASIR', 9),
	(139, 'SMA Negeri 1 Tenggulun', 11),
	(140, 'SMA NEGERI 1 TERANGUN', 19),
	(141, 'SMA NEGERI 1 TEUNOM', 21),
	(142, 'SMA NEGERI 1 TRIPE JAYA', 19),
	(143, 'SMA NEGERI 1 WOYLA', 4),
	(144, 'SMA NEGERI 1 WOYLA BARAT', 4),
	(145, 'SMA NEGERI 1 WOYLA TIMUR', 4),
	(146, 'SMA NEGERI 10 ACEH BARAT DAYA', 18),
	(147, 'SMA NEGERI 11 ACEH BARAT DAYA', 18),
	(148, 'SMA NEGERI 12 BANDA ACEH', 17),
	(149, 'SMA NEGERI 15 ADIDARMA', 17),
	(150, 'SMA NEGERI 2 ACEH BARAT DAYA', 18),
	(151, 'SMA NEGERI 2 ALAFAN', 16),
	(152, 'SMA NEGERI 2 BANDAR DUA', 6),
	(153, 'SMA NEGERI 2 BIREM BAYEUN', 23),
	(154, 'SMA NEGERI 2 BIREUEN', 10),
	(155, 'SMA NEGERI 2 BLANGKEJEREN', 19),
	(156, 'SMA NEGERI 2 BUKIT', 20),
	(157, 'SMA NEGERI 2 DEWANTARA', 9),
	(158, 'SMA NEGERI 2 KAWAY XVI', 4),
	(159, 'SMA NEGERI 2 KESUMA BANGSA MUARA BATU', 9),
	(160, 'SMA Negeri 2 Kluet Timur', 12),
	(161, 'SMA NEGERI 2 KUTA BARO', 2),
	(162, 'SMA NEGERI 2 KUTA MAKMUR', 9),
	(163, 'SMA NEGERI 2 KUTABLANG', 10),
	(164, 'SMA NEGERI 2 LANGKAHAN', 9),
	(165, 'SMA NEGERI 2 LAWE BULAN', 22),
	(166, 'SMA NEGERI 2 LHOKNGA', 2),
	(167, 'SMA NEGERI 2 LHOKSEUMAWE', 3),
	(168, 'SMA NEGERI 2 LHOKSUKON', 9),
	(169, 'SMA NEGERI 2 MEUKEK', 12),
	(170, 'SMA NEGERI 2 MEULABOH', 4),
	(171, 'SMA NEGERI 2 MEUREUBO', 4),
	(172, 'SMA NEGERI 2 NISAM', 9),
	(173, 'SMA NEGERI 2 PEUSANGAN', 10),
	(174, 'SMA NEGERI 2 PINTU RIME GAYO', 20),
	(175, 'SMA NEGERI 2 PULO ACEH', 2),
	(176, 'SMA NEGERI 2 SAMADUA', 12),
	(177, 'SMA NEGERI 2 SAMALANGA', 10),
	(178, 'SMA NEGERI 2 SAMPOINIET', 21),
	(179, 'SMA NEGERI 2 SAWANG', 9),
	(180, 'SMA NEGERI 2 SEUNUDDON', 9),
	(181, 'SMA NEGERI 2 SIMPANG KIRI', 7),
	(182, 'SMA NEGERI 2 TANAH JAMBO AYE', 9),
	(183, 'SMA NEGERI 2 TELUK DALAM', 16),
	(184, 'SMA NEGERI 2 TEUPAH SELATAN', 16),
	(185, 'SMA NEGERI 2 TIMANG GAJAH', 20),
	(186, 'SMA NEGERI 3 ACEH BARAT DAYA', 18),
	(187, 'SMA NEGERI 3 BIREUEN', 10),
	(188, 'SMA NEGERI 3 BUKIT', 20),
	(189, 'SMA NEGERI 3 CITRA BANGSA TANAH JAMBOAYE', 9),
	(190, 'SMA NEGERI 3 INDRAPURI', 2),
	(191, 'SMA Negeri 3 Karang Baru', 11),
	(192, 'SMA NEGERI 3 LAWE SIGALA GALA', 22),
	(193, 'SMA Negeri 3 Manyak Payed', 11),
	(194, 'SMA NEGERI 3 MEULABOH', 4),
	(195, 'SMA NEGERI 3 PEUSANGAN', 10),
	(196, 'SMA NEGERI 3 PUTRA BANGSA', 9),
	(197, 'SMA NEGERI 3 SAMALANGA', 10),
	(198, 'SMA NEGERI 3 SIMEULUE TENGAH', 16),
	(199, 'SMA NEGERI 3 TEUPAH SELATAN', 16),
	(200, 'SMA NEGERI 3 TIMANG GAJAH', 20),
	(201, 'SMA NEGERI 3 UNGGUL SIGLI', 8),
	(202, 'SMA NEGERI 4 ACEH BARAT DAYA', 18),
	(203, 'SMA NEGERI 4 SIMEULUE BARAT', 16),
	(204, 'SMA NEGERI 4 TEUPAH SELATAN', 16),
	(205, 'SMA NEGERI 4 WIRA BANGSA MEULABOH', 4),
	(206, 'SMA NEGERI 5 ACEH BARAT DAYA', 18),
	(207, 'SMA Negeri 5 Simeulue Barat', 16),
	(208, 'SMA NEGERI 6 ACEH BARAT DAYA', 18),
	(209, 'SMA NEGERI 7 ACEH BARAT DAYA', 18),
	(210, 'SMA NEGERI 8 ACEH BARAT DAYA', 18),
	(211, 'SMA Negeri 8 Subulussalam', 7),
	(212, 'SMA NEGERI 9 ACEH BARAT DAYA', 18),
	(213, 'SMA NEGERI BABUL RAHMAH', 22),
	(214, 'SMA NEGERI KEULUANG', 21),
	(215, 'SMA NEGERI KOTA BAHAGIA', 12),
	(216, 'SMA NEGERI MODAL BANGSA', 2),
	(217, 'SMA NEGERI SERIBU BUKIT', 19),
	(218, 'SMA NEGERI TRUMON TENGAH', 12),
	(219, 'SMA NEGERI ULUMUL QURAN', 8),
	(220, 'SMA NEGERI UNGGUL', 6),
	(221, 'SMA NEGERI UNGGUL BINAAN', 20),
	(222, 'SMA Negeri Unggul Darussalam Labuhan Haji', 12),
	(223, 'SMA NEGERI UNGGUL HARAPAN PERSADA', 4),
	(224, 'SMA NEGERI UNGGUL SIGLI', 8),
	(225, 'SMA NEGERI UNGGUL SUBULUSSALAM', 7),
	(226, 'SMA NEGERI UNGGUL TUNAS BANGSA', 4),
	(227, 'SMA PERSIAPAN NEGERI 3 GUNUNG MERIAH', 14),
	(228, 'SMA PLUS AL-ATHIYAH BANDA ACEH', 17),
	(229, 'SMA Plus Al-Fata', 10),
	(230, 'SMA PLUS MARYAM BINTI IBRAHIM', 2),
	(231, 'SMA SUKMA ALMUBARAKAH', 9),
	(232, 'SMA SUKMA BANGSA KABUPATEN PIDIE', 8),
	(233, 'SMA SWASTA AL FHATTANI', 9),
	(234, 'SMA Swasta Al Hilal Al Aziziyah', 9),
	(235, 'SMA SWASTA AL-ANSHAR', 21),
	(236, 'SMA SWASTA AS SUNNAH', 9),
	(237, 'SMA SWASTA BABUL MAGHFIRAH', 2),
	(238, 'SMA SWASTA BINA GENERASI BANGSA', 4),
	(239, 'SMA SWASTA DARUL ABRAR', 21),
	(240, 'SMA SWASTA DARUL IHSAN', 9),
	(241, 'SMA Swasta Darul Ulum', 22),
	(242, 'SMA Swasta Darussalam', 22),
	(243, 'SMA SWASTA HAFIDZ TERPADU DARUL MUKLASIN', 20),
	(244, 'SMA SWASTA ISLAM DARUL ULUM', 10),
	(245, 'SMA SWASTA ISLAM SERAMBI MEUKAH', 4),
	(246, 'SMA Swasta Islam Zulkifliyah', 10),
	(247, 'SMA SWASTA LAWE SAWAH', 12),
	(248, 'SMA SWASTA MANARUL ISLAM', 11),
	(249, 'SMA Swasta Misbahud Dhulam Al Aziziyah', 6),
	(250, 'SMA SWASTA MUSLIMAT SAMALANGA', 10),
	(251, 'SMA SWASTA NURUL HUDA AL AZIZIYYAH', 21),
	(252, 'SMA SWASTA NURUL ISLAM', 10),
	(253, 'SMA SWASTA RAUDHATUL FUQARA PAYA BAKONG', 9),
	(254, 'SMA SWASTA RAUDHATUL HASANAH', 22),
	(255, 'SMA SWASTA RAUDHATUL JANNAH', 7),
	(256, 'SMA SWASTA SIRAJUL MUDI', 10),
	(257, 'SMA SWASTA SUKMA BANGSA BIREUEN', 10),
	(258, 'SMA Swasta Syekh Al-Fansyuri', 7),
	(259, 'SMA SWASTA TARBIYAH', 12),
	(260, 'SMA SWASTA TAUTHIAH ARONGAN', 10),
	(261, 'SMA Swasta Terpadu Al-Furqan', 10),
	(262, 'SMA SWASTA TERPADU BUSTANUL ARIFIN', 19),
	(263, 'SMA Swasta THAUTHIATU ASYRAF', 10),
	(264, 'SMA Swasta Uswatun Hasanah', 9),
	(265, 'SMA TERPADU AHLUSSUNNAH WALJAMAAH', 20),
	(266, 'SMA Terpadu Al-Azhar Takengon', 13),
	(267, 'SMA TERPADU BUSTANUL ARIFIN 2', 20),
	(268, 'SMA TERPADU BUSTANUL ULUM', 20),
	(269, 'SMA TERPADU DARUSSAADAH', 20),
	(270, 'SMA TERPADU HAQQUL MUBIN', 20),
	(271, 'SMA TERPADU NURUL HUDA', 20),
	(272, 'SMA TERPADU RAUDHATUL ULUM', 6),
	(273, 'SMA TEUNGKU CHIK KUTA KARANG', 2),
	(274, 'SMA TGK. CHIEK EUMPE AWEE', 2),
	(275, 'SMA UNGGUL CUT NYAK DHIEN', 5),
	(276, 'SMA UNGGUL DARUSSAADAH KLUET RAYA', 12),
	(277, 'SMA UNGGUL HIDAYATUL ILMI', 12),
	(278, 'SMAIT Al-Arabiyah', 2),
	(279, 'SMAIT Al-Ulum Singkohor', 14),
	(280, 'SMAIT BUNAYYA', 19),
	(281, 'SMAIT Entrepreneur Muhammadiyah', 10),
	(282, 'SMAIT Nurul Fikri Boarding School Aceh', 2),
	(283, 'SMAN 1 ALAFAN', 16),
	(284, 'SMAN 1 ARONGAN LAMBALEK', 4),
	(285, 'SMAN 1 BADAR', 22),
	(286, 'SMAN 1 BAKONGAN', 12),
	(287, 'SMAN 1 BAKONGAN TIMUR', 12),
	(288, 'SMAN 1 BAMBEL', 22),
	(289, 'SMAN 1 BANDA ACEH', 17),
	(290, 'SMAN 1 BANDA ALAM', 23),
	(291, 'SMAN 1 BANDAR', 20),
	(292, 'SMAN 1 BANDAR BARU', 6),
	(293, 'SMAN 1 BANDAR DUA', 6),
	(294, 'SMAN 1 BENDAHARA', 11),
	(295, 'SMAN 1 BEUTONG', 15),
	(296, 'SMAN 1 BIREM BAYEUN', 23),
	(297, 'SMAN 1 DANAU PARIS', 14),
	(298, 'SMAN 1 DARUL AMAN', 23),
	(299, 'SMAN 1 DARUL FALAH', 23),
	(300, 'SMAN 1 DARUL HASANAH', 22),
	(301, 'SMAN 1 DARUL IHSAN', 23),
	(302, 'SMAN 1 DARUL MAKMUR', 15),
	(303, 'SMAN 1 DELIMA', 8),
	(304, 'SMAN 1 GEUMPANG', 8),
	(305, 'SMAN 1 GLUMPANG BARO', 8),
	(306, 'SMAN 1 GLUMPANG TIGA', 8),
	(307, 'SMAN 1 GUNUNG MERIAH', 14),
	(308, 'SMAN 1 IDI RAYEUK', 23),
	(309, 'SMAN 1 IDI TUNONG', 23),
	(310, 'SMAN 1 INDRA MAKMU', 23),
	(311, 'SMAN 1 INDRAJAYA', 8),
	(312, 'SMAN 1 JANGKA BUYA', 6),
	(313, 'SMAN 1 JULOK', 23),
	(314, 'SMAN 1 KARANG BARU', 11),
	(315, 'SMAN 1 KEJURUAN MUDA', 11),
	(316, 'SMAN 1 KEMBANG TANJONG', 8),
	(317, 'SMAN 1 KETAMBE', 22),
	(318, 'SMAN 1 KEUMALA', 8),
	(319, 'SMAN 1 KLUET SELATAN', 12),
	(320, 'SMAN 1 KLUET TENGAH', 12),
	(321, 'SMAN 1 KLUET TIMUR', 12),
	(322, 'SMAN 1 KLUET UTARA', 12),
	(323, 'SMAN 1 KUALA', 15),
	(324, 'SMAN 1 KUTACANE', 22),
	(325, 'SMAN 1 LABUHAN HAJI BARAT', 12),
	(326, 'SMAN 1 LABUHAN HAJI TIMUR', 12),
	(327, 'SMAN 1 LAWE ALAS', 22),
	(328, 'SMAN 1 LAWE BULAN', 22),
	(329, 'SMAN 1 LAWE SIGALA-GALA', 22),
	(330, 'SMAN 1 LHOKNGA', 2),
	(331, 'SMAN 1 LHOKSEUMAWE', 3),
	(332, 'SMAN 1 LHOONG', 2),
	(333, 'SMAN 1 MADAT', 23),
	(334, 'SMAN 1 MANYAK PAYED', 11),
	(335, 'SMAN 1 MEUKEK', 12),
	(336, 'SMAN 1 MEUREUDU', 6),
	(337, 'SMAN 1 MILA', 8),
	(338, 'SMAN 1 MONTASIK', 2),
	(339, 'SMAN 1 MUARA TIGA', 8),
	(340, 'SMAN 1 MUTIARA', 8),
	(341, 'SMAN 1 NISAM ANTARA', 9),
	(342, 'SMAN 1 NURUSSALAM', 23),
	(343, 'SMAN 1 PADANG TIJI', 8),
	(344, 'SMAN 1 PANTEE BIDARI', 23),
	(345, 'SMAN 1 PANTERAJA', 6),
	(346, 'SMAN 1 PASIE RAJA', 12),
	(347, 'SMAN 1 PEUDAWA', 23),
	(348, 'SMAN 1 PEUKAN BARO', 8),
	(349, 'SMAN 1 PEUKAN PIDIE', 8),
	(350, 'SMAN 1 PEUNARON', 23),
	(351, 'SMAN 1 PEUREULAK', 23),
	(352, 'SMAN 1 PULAU BANYAK', 14),
	(353, 'SMAN 1 RANTAU SELAMAT', 23),
	(354, 'SMAN 1 RANTO PEUREULAK', 23),
	(355, 'SMAN 1 RUNDENG', 7),
	(356, 'SMAN 1 SABANG', 24),
	(357, 'SMAN 1 SAKTI', 8),
	(358, 'SMAN 1 SALANG', 16),
	(359, 'SMAN 1 SAWANG', 12),
	(360, 'SMAN 1 SERUWAY', 11),
	(361, 'SMAN 1 SEUNAGAN', 15),
	(362, 'SMAN 1 SIGLI', 8),
	(363, 'SMAN 1 SIMEULUE BARAT', 16),
	(364, 'SMAN 1 SIMEULUE CUT', 16),
	(365, 'SMAN 1 SIMEULUE TENGAH', 16),
	(366, 'SMAN 1 SIMPANG KANAN', 14),
	(367, 'SMAN 1 SIMPANG TIGA', 8),
	(368, 'SMAN 1 SIMPANG ULIM', 23),
	(369, 'SMAN 1 SINABANG', 16),
	(370, 'SMAN 1 SINGKIL', 14),
	(371, 'SMAN 1 SINGKIL UTARA', 14),
	(372, 'SMAN 1 SINGKOHOR', 14),
	(373, 'SMAN 1 SUNGAI RAYA', 23),
	(374, 'SMAN 1 SURO', 14),
	(375, 'SMAN 1 TADU RAYA', 15),
	(376, 'SMAN 1 TAKENGON', 13),
	(377, 'SMAN 1 TAMIANG HULU', 11),
	(378, 'SMAN 1 TANGSE', 8),
	(379, 'SMAN 1 TANOH ALAS', 22),
	(380, 'SMAN 1 TAPAKTUAN', 12),
	(381, 'SMAN 1 TELUK DALAM', 16),
	(382, 'SMAN 1 TEUPAH BARAT', 16),
	(383, 'SMAN 1 TEUPAH SELATAN', 16),
	(384, 'SMAN 1 TEUPAH TENGAH', 16),
	(385, 'SMAN 1 TIMANG GAJAH', 20),
	(386, 'SMAN 1 TRIENGGADENG', 6),
	(387, 'SMAN 1 TRUMON', 12),
	(388, 'SMAN 1 TRUMON TIMUR', 12),
	(389, 'SMAN 10 FAJAR HARAPAN BANDA ACEH', 17),
	(390, 'SMAN 10 TAKENGON', 13),
	(391, 'SMAN 11 BANDA ACEH', 17),
	(392, 'SMAN 11 TAKENGON', 13),
	(393, 'SMAN 13 BANDA ACEH', 17),
	(394, 'SMAN 13 TAKENGON', 13),
	(395, 'SMAN 14 BANDA ACEH', 17),
	(396, 'SMAN 15 TAKENGON BINAAN NENGGERI ANTARA', 13),
	(397, 'SMAN 16 BANDA ACEH', 17),
	(398, 'SMAN 16 TAKENGON', 13),
	(399, 'SMAN 17 TAKENGON', 13),
	(400, 'SMAN 18 TAKENGON', 13),
	(401, 'SMAN 19 TAKENGON', 13),
	(402, 'SMAN 2 BADAR', 22),
	(403, 'SMAN 2 BANDA ACEH', 17),
	(404, 'SMAN 2 BANDAR', 20),
	(405, 'SMAN 2 BANDAR BARU', 6),
	(406, 'SMAN 2 BENDAHARA', 11),
	(407, 'SMAN 2 BEUTONG', 15),
	(408, 'SMAN 2 DARUL MAKMUR', 15),
	(409, 'SMAN 2 DELIMA', 8),
	(410, 'SMAN 2 GUNUNG MERIAH', 14),
	(411, 'SMAN 2 IDI', 23),
	(412, 'SMAN 2 INDRAJAYA', 8),
	(413, 'SMAN 2 KEJURUAN MUDA', 11),
	(414, 'SMAN 2 KLUET UTARA', 12),
	(415, 'SMAN 2 KUALA', 15),
	(416, 'SMAN 2 KUTACANE', 22),
	(417, 'SMAN 2 LAWE SIGALAGALA', 22),
	(418, 'SMAN 2 MADAT', 23),
	(419, 'SMAN 2 MEUREUDU', 6),
	(420, 'SMAN 2 MUTIARA', 8),
	(421, 'SMAN 2 PANTE BIDARI', 23),
	(422, 'SMAN 2 PATRA NUSA MANYAK PAYED', 11),
	(423, 'SMAN 2 PERCONTOHAN KARANG BARU', 11),
	(424, 'SMAN 2 RANTAU SELAMAT', 23),
	(425, 'SMAN 2 SABANG', 24),
	(426, 'SMAN 2 SALANG', 16),
	(427, 'SMAN 2 SERUWAY', 11),
	(428, 'SMAN 2 SEULIMEUM', 2),
	(429, 'SMAN 2 SEUNAGAN', 15),
	(430, 'SMAN 2 SIGLI', 8),
	(431, 'SMAN 2 SIMEULUE BARAT', 16),
	(432, 'SMAN 2 SIMEULUE TENGAH', 16),
	(433, 'SMAN 2 SINABANG', 16),
	(434, 'SMAN 2 TAKENGON', 13),
	(435, 'SMAN 2 TAMIANG HULU', 11),
	(436, 'SMAN 2 TAPAKTUAN', 12),
	(437, 'SMAN 2 TEUPAH BARAT', 16),
	(438, 'SMAN 2 UNGGUL ALI HASJMY', 2),
	(439, 'SMAN 3 BANDA ACEH', 17),
	(440, 'SMAN 3 BIREM BAYEUN', 23),
	(441, 'SMAN 3 DARUL MAKMUR', 15),
	(442, 'SMAN 3 KEJURUAN MUDA', 11),
	(443, 'SMAN 3 KLUET UTARA', 12),
	(444, 'SMAN 3 KUALA', 15),
	(445, 'SMAN 3 KUTACANE', 22),
	(446, 'SMAN 3 LHOKSEUMAWE', 3),
	(447, 'SMAN 3 SEULIMEUM', 2),
	(448, 'SMAN 3 SEUNAGAN', 15),
	(449, 'SMAN 3 SIMEULUE BARAT', 16),
	(450, 'SMAN 3 Sinabang', 16),
	(451, 'SMAN 3 TAKENGON', 13),
	(452, 'SMAN 4 BANDA ACEH', 17),
	(453, 'SMAN 4 KEJURUAN MUDA', 11),
	(454, 'SMAN 4 KUALA', 15),
	(455, 'SMAN 4 LHOKSEUMAWE', 3),
	(456, 'SMAN 4 TAKENGON', 13),
	(457, 'SMAN 5 BANDA ACEH', 17),
	(458, 'SMAN 5 DARUL MAKMUR', 15),
	(459, 'SMAN 5 KEJURUAN MUDA', 11),
	(460, 'SMAN 5 LHOKSEUMAWE', 3),
	(461, 'SMAN 5 TAKENGON', 13),
	(462, 'SMAN 6 BANDA ACEH', 17),
	(463, 'SMAN 6 DARUL MAKMUR', 15),
	(464, 'SMAN 6 LHOKSEUMAWE', 3),
	(465, 'SMAN 6 TAKENGON', 13),
	(466, 'SMAN 7 BANDA ACEH', 17),
	(467, 'SMAN 7 LHOKSEUMAWE', 3),
	(468, 'SMAN 7 TAKENGON', 13),
	(469, 'SMAN 8 BANDA ACEH', 17),
	(470, 'SMAN 8 TAKENGON UNGGUL', 13),
	(471, 'SMAN 9 BANDA ACEH', 17),
	(472, 'SMAN 9 TAKENGON', 13),
	(473, 'SMAN BUNGA BANGSA', 15),
	(474, 'SMAN LAWE SUMUR', 22),
	(475, 'SMAN MODAL BANGSA ARUN', 3),
	(476, 'SMAN PERISAI KUTACANE', 22),
	(477, 'SMAN PERSENEG 4 TANAH JAMBO AYE', 9),
	(478, 'SMAN SEMADAM', 22),
	(479, 'SMAN TITI BARO', 23),
	(480, 'SMAN UNGGUL ACEH TIMUR', 23),
	(481, 'SMAN UNGGUL TAPAKTUAN', 12),
	(482, 'SMAS ABULYATAMA', 2),
	(483, 'SMAS AL - WASHLIYAH', 11),
	(484, 'SMAS AL AZHAR', 22),
	(485, 'SMAS AL HIDAYAH', 11),
	(486, 'SMAS AL MISBAH', 17),
	(487, 'SMAS BINA BANGSA', 2),
	(488, 'SMAS CHIK DITIRO SIGLI', 8),
	(489, 'SMAS CUT MUTIA BANDA ACEH', 17),
	(490, 'SMAS DARUL AITAMI', 4),
	(491, 'SMAS DARUL IMAN', 22),
	(492, 'SMAS DARUL MUKHLISIN', 11),
	(493, 'SMAS Darul Quran Aceh', 2),
	(494, 'SMAS DARUSS ADAH', 23),
	(495, 'SMAS DARUSSA ADAH', 8),
	(496, 'SMAS GLOBAL PERINTIS', 9),
	(497, 'SMAS GRANADA PGRI', 17),
	(498, 'SMAS INSAN MADANI', 12),
	(499, 'SMAS INSHAFUDDIN', 17),
	(500, 'SMAS ISKANDAR MUDA', 9),
	(501, 'SMAS ISLAM AL-MUJADDID', 24),
	(502, 'SMAS ISLAM TGK. CHIK DI BEUREU-EH', 8),
	(503, 'SMAS JABAL NUR JADID', 4),
	(504, 'SMAS JANNATUL FIRDAUS', 7),
	(505, 'SMAS KARTIKA XIV-I', 17),
	(506, 'SMAS KATOLIK', 17),
	(507, 'SMAS LAB SCHOOL', 17),
	(508, 'SMAS MALEM PUTRA 1', 2),
	(509, 'SMAS MALEM PUTRA 2', 2),
	(510, 'SMAS METHODIST', 17),
	(511, 'SMAS MUHAMMADIYAH', 17),
	(512, 'SMAS MUHAMMADIYAH 5 TAKENGON', 13),
	(513, 'SMAS MUHAMMADIYAH GUNUNG MERIAH', 14),
	(514, 'SMAS NURUL ARAFAH', 9),
	(515, 'SMAS NURUL ISLAM', 9),
	(516, 'SMAS NUSA BANGSA', 9),
	(517, 'SMAS PANTI HARAPAN', 22),
	(518, 'SMAS PELITA NUSANTARA', 22),
	(519, 'SMAS PERMATA', 22),
	(520, 'SMAS PGRI KRG GEUKEUH', 9),
	(521, 'SMAS PLUS AMAL', 23),
	(522, 'SMAS PLUS MUHAMMADIYAH', 7),
	(523, 'SMAS PLUS NURUL ULUM', 23),
	(524, 'SMAS RUHUL ISLAM', 9),
	(525, 'SMAS SAFIAFUDDIN', 17),
	(526, 'SMAS SAFINATUSSALAMAH', 14),
	(527, 'SMAS SHALAHUDDIN', 19),
	(528, 'SMAS SIRAJUL IBAD', 12),
	(529, 'SMAS SUKMA BANGSA', 3),
	(530, 'SMAS SYAKIRAH', 11),
	(531, 'SMAS T NYAK ARIF', 17),
	(532, 'SMAS TERPADU BUSTANUL ARIFIN', 20),
	(533, 'SMAS TERPADU DARUL MUHAJIRIN', 9),
	(534, 'SMAS TERPADU DARUL MUTTAQIN', 9),
	(535, 'SMAS Terpadu Fathurrahman', 23),
	(536, 'SMAS TERPADU SEMAYOEN NUSANTARA', 20),
	(537, 'SMAS THAUTHIATUL ABRAAR', 8),
	(538, 'SMAS TUNGGAL ALAS', 22),
	(539, 'SMAS ULUMUL ISLAM', 9),
	(540, 'SMK 1 CUT NYAK DIEN', 5),
	(541, 'SMK 2 CUT NYAK DHIEN', 5),
	(542, 'SMK Aceh Business School', 17),
	(543, 'SMK Al Fhattani', 9),
	(544, 'SMK AL-WASHLIYAH', 5),
	(545, 'SMK BUDI', 6),
	(546, 'SMK DARUL IHSAN', 2),
	(547, 'SMK DHARMA SHALIHAT 2 UJONG PATIHAH', 15),
	(548, 'SMK FARMASI CITRA BANGSA', 9),
	(549, 'SMK GLOBAL MANDIRI', 14),
	(550, 'SMK Hidayatul Insani Abadi', 20),
	(551, 'SMK ISLAM TERPADU AL-IKHLAS', 22),
	(552, 'SMK IT Pesantren Tabina Aceh', 3),
	(553, 'SMK KESEHATAN ASSYIFA SCHOOL', 17),
	(554, 'SMK KESEHATAN DEDINGIN 1001 TAKENGON', 13),
	(555, 'SMK MUBARAK AL-WALIYAH', 9),
	(556, 'SMK N 1 LANGSA', 5),
	(557, 'SMK N 2 LANGSA', 5),
	(558, 'SMK N 3 LANGSA', 5),
	(559, 'SMK N 4 LANGSA', 5),
	(560, 'SMK N 5 LANGSA', 5),
	(561, 'SMK N 6 LANGSA', 5),
	(562, 'SMK NEGERI 1 ACEH BARAT DAYA', 18),
	(563, 'SMK NEGERI 1 BAKTIYA', 9),
	(564, 'SMK NEGERI 1 BAKTIYA BARAT', 9),
	(565, 'SMK NEGERI 1 BIREUEN', 10),
	(566, 'SMK NEGERI 1 CALANG', 21),
	(567, 'SMK NEGERI 1 COT GIREK', 9),
	(568, 'SMK NEGERI 1 DARUL HIKMAH', 2),
	(569, 'SMK NEGERI 1 DARUL KAMAL', 2),
	(570, 'SMK NEGERI 1 DEWANTARA', 9),
	(571, 'SMK NEGERI 1 GANDA PURA', 10),
	(572, 'SMK NEGERI 1 JEUMPA', 10),
	(573, 'SMK NEGERI 1 JEUNIEB', 10),
	(574, 'SMK NEGERI 1 KAWAY XVI', 4),
	(575, 'SMK NEGERI 1 KLUET TIMUR', 12),
	(576, 'SMK NEGERI 1 KOTA JANTHO', 2),
	(577, 'SMK NEGERI 1 KUTA BAHARU', 14),
	(578, 'SMK NEGERI 1 LAPANG', 9),
	(579, 'SMK NEGERI 1 LHOKSUKON', 9),
	(580, 'SMK NEGERI 1 MESJID RAYA', 2),
	(581, 'SMK NEGERI 1 MEULABOH', 4),
	(582, 'SMK NEGERI 1 MEUREUBO', 4),
	(583, 'SMK NEGERI 1 MUARA BATU', 9),
	(584, 'SMK Negeri 1 Nibong', 9),
	(585, 'SMK NEGERI 1 NISAM', 9),
	(586, 'SMK NEGERI 1 NURUSSALAM', 23),
	(587, 'SMK NEGERI 1 PANGA', 21),
	(588, 'SMK NEGERI 1 PANTE CEUREUMEN', 4),
	(589, 'SMK NEGERI 1 PASIE RAYA', 21),
	(590, 'SMK NEGERI 1 PENANGGALAN', 7),
	(591, 'SMK NEGERI 1 PEUSANGAN', 10),
	(592, 'SMK NEGERI 1 RUNDENG', 7),
	(593, 'SMK NEGERI 1 SAMADUA', 12),
	(594, 'SMK NEGERI 1 SAMATIGA', 4),
	(595, 'SMK NEGERI 1 SAWANG', 9),
	(596, 'SMK NEGERI 1 SETIA BAKTI', 21),
	(597, 'SMK NEGERI 1 SEUNUDDON', 9),
	(598, 'SMK NEGERI 1 SIMEULUE CUT', 16),
	(599, 'SMK NEGERI 1 SIMPANG KIRI', 7),
	(600, 'SMK NEGERI 1 SIMPANG MAMPLAM', 10),
	(601, 'SMK NEGERI 1 SYAMTALIRA ARON', 9),
	(602, 'SMK NEGERI 1 TANAH JAMBO AYE', 9),
	(603, 'SMK NEGERI 1 TANAH LUAS', 9),
	(604, 'SMK NEGERI 1 TEUNOM', 21),
	(605, 'SMK NEGERI 1 TRUMON TIMUR', 12),
	(606, 'SMK NEGERI 1 WOYLA', 4),
	(607, 'SMK NEGERI 2 ACEH BARAT DAYA', 18),
	(608, 'SMK NEGERI 2 MEULABOH', 4),
	(609, 'SMK NEGERI 2 PEUSANGAN', 10),
	(610, 'SMK Negeri 2 Ranto Peureulak', 23),
	(611, 'SMK NEGERI 2 SIMPANG KIRI', 7),
	(612, 'SMK NEGERI 2 WOYLA', 4),
	(613, 'SMK NEGERI 3 ACEH BARAT DAYA', 18),
	(614, 'SMK NEGERI 3 MEULABOH', 4),
	(615, 'SMK NEGERI 3 PERTANIAN BENER MERIAH', 20),
	(616, 'SMK NEGERI 4 ACEH BARAT DAYA', 18),
	(617, 'SMK NEGERI 4 KUTACANE', 22),
	(618, 'SMK NEGERI 4 MEULABOH', 4),
	(619, 'SMK NEGERI 5 ACEH BARAT DAYA', 18),
	(620, 'SMK Negeri 5 Bener Meriah', 20),
	(621, 'SMK Negeri 5 Takengon', 13),
	(622, 'SMK Negeri 6 Aceh Singkil', 14),
	(623, 'SMK NEGERI 6 LHOKSEUMAWE', 3),
	(624, 'SMK NEGERI 7 LHOKSEUMAWE', 3),
	(625, 'SMK NEGERI DARUL HASANAH', 22),
	(626, 'SMK Negeri Darul Ihsan', 23),
	(627, 'SMK Negeri Glumpang Baro', 8),
	(628, 'SMK NEGERI LABUHAN HAJI TIMUR', 12),
	(629, 'SMK NEGERI MANE', 8),
	(630, 'SMK NEGERI PENERBANGAN ACEH', 2),
	(631, 'SMK NEGERI PERIKANAN SIMEULUE BARAT', 16),
	(632, 'SMK NEGERI SULTAN DAULAT', 7),
	(633, 'SMK NEGERI ULIM', 6),
	(634, 'SMK NURUL ISLAM', 9),
	(635, 'SMK PERBANKAN GRAHA MEDIA', 5),
	(636, 'SMK SMTI BANDA ACEH', 17),
	(637, 'SMK SWASTA AL-HIDAYAH', 10),
	(638, 'SMK SWASTA ANAK BANGSA', 22),
	(639, 'SMK SWASTA ARONGAN LAMBALEK', 4),
	(640, 'SMK SWASTA ASD FOUNDATION', 10),
	(641, 'SMK Swasta Ashabul Huda Al Asyi', 23),
	(642, 'SMK SWASTA BUSTANUL YATAMA', 9),
	(643, 'SMK SWASTA GRAFIKA ISS', 2),
	(644, 'SMK SWASTA HUMANIORA', 9),
	(645, 'SMK SWASTA JAMIAH AL-AZIZIYAH', 10),
	(646, 'SMK SWASTA KESEHATAN MUHAMMADIYAH', 10),
	(647, 'SMK Swasta Misra', 11),
	(648, 'SMK SWASTA MUDI', 21),
	(649, 'SMK SWASTA MUHAMMADIYAH LHOKSUKON', 9),
	(650, 'SMK Swasta Muhammadiyah Singkil', 14),
	(651, 'SMK SWASTA NURUL YAQIN', 9),
	(652, 'SMK SWASTA PERIKANAN YAYASAN WIRNA RAFIKA SYARI', 22),
	(653, 'SMK SWASTA SAKTI', 8),
	(654, 'SMK SWASTA ULANG KISAT', 22),
	(655, 'SMK Teknologi Al-Ishaqi', 14),
	(656, 'SMK UMMUL AYMAN 2', 6),
	(657, 'SMK-PP NEGERI BIREUEN', 10),
	(658, 'SMK-PP NEGERI KUTACANE', 22),
	(659, 'SMK-PP NEGERI SAREE', 2),
	(660, 'SMKN 1 LHOKNGA', 2),
	(661, 'SMKN 1 AL MUBARKEYA INGIN JAYA', 2),
	(662, 'SMKN 1 BANDA ACEH', 17),
	(663, 'SMKN 1 BANDAR BARU', 6),
	(664, 'SMKN 1 BENDAHARA', 11),
	(665, 'SMKN 1 BENER MERIAH', 20),
	(666, 'SMKN 1 DARUL AMAN', 23),
	(667, 'SMKN 1 GAYO LUES', 19),
	(668, 'SMKN 1 GUNUNG MERIAH', 14),
	(669, 'SMKN 1 IDI', 23),
	(670, 'SMKN 1 INDRA MAKMU', 23),
	(671, 'SMKN 1 JULOK', 23),
	(672, 'SMKN 1 KARANG BARU', 11),
	(673, 'SMKN 1 KLUET SELATAN', 12),
	(674, 'SMKN 1 KUALA PESISIR', 15),
	(675, 'SMKN 1 KUALASIMPANG', 11),
	(676, 'SMKN 1 KUTA CANE', 22),
	(677, 'SMKN 1 LABUHANHAJI', 12),
	(678, 'SMKN 1 LHOKSEUMAWE', 3),
	(679, 'SMKN 1 LOKOP', 23),
	(680, 'SMKN 1 NAGAN RAYA', 15),
	(681, 'SMKN 1 PANTE BIDARI', 23),
	(682, 'SMKN 1 PASIE RAJA', 12),
	(683, 'SMKN 1 PEUREULAK', 23),
	(684, 'SMKN 1 PEUREULAK TIMUR', 23),
	(685, 'SMKN 1 SABANG', 24),
	(686, 'SMKN 1 SALANG', 16),
	(687, 'SMKN 1 SAWANG', 12),
	(688, 'SMKN 1 SIGLI', 8),
	(689, 'SMKN 1 SIMPANG JERNIH', 23),
	(690, 'SMKN 1 SIMPANG KANAN', 14),
	(691, 'SMKN 1 SIMPANG ULIM', 23),
	(692, 'SMKN 1 SINABANG', 16),
	(693, 'SMKN 1 TAKENGON', 13),
	(694, 'SMKN 1 TAPAKTUAN', 12),
	(695, 'SMKN 1 TEUPAH SELATAN', 16),
	(696, 'SMKN 1 TEUPAH TENGAH', 16),
	(697, 'SMKN 2 BANDA ACEH', 17),
	(698, 'SMKN 2 BENER MERIAH', 20),
	(699, 'SMKN 2 BLANGKEJEREN', 19),
	(700, 'SMKN 2 KARANG BARU', 11),
	(701, 'SMKN 2 KUTACANE', 22),
	(702, 'SMKN 2 LHOKSEUMAWE', 3),
	(703, 'SMKN 2 PEUREULAK', 23),
	(704, 'SMKN 2 SIGLI', 8),
	(705, 'SMKN 2 SINABANG', 16),
	(706, 'SMKN 2 TAKENGON', 13),
	(707, 'SMKN 3 BANDA ACEH', 17),
	(708, 'SMKN 3 KARANG BARU', 11),
	(709, 'SMKN 3 KUTACANE', 22),
	(710, 'SMKN 3 LHOKSEUMAWE', 3),
	(711, 'SMKN 3 SIGLI', 8),
	(712, 'SMKN 3 SINABANG', 16),
	(713, 'SMKN 3 TAKENGON', 13),
	(714, 'SMKN 4 BANDA ACEH', 17),
	(715, 'SMKN 4 BENER MERIAH', 20),
	(716, 'SMKN 4 LHOKSEUMAWE', 3),
	(717, 'SMKN 4 TAKENGON', 13),
	(718, 'SMKN 5 LHOKSEUMAWE', 3),
	(719, 'SMKN 5 TELKOM', 17),
	(720, 'SMKN 8 LHOKSEUMAWE', 3),
	(721, 'SMKN BATEE', 8),
	(722, 'SMKN BEUNGGA', 8),
	(723, 'SMKN I BANDAR DUA', 6),
	(724, 'SMKN KELAUTAN DAN PERIKANAN KUALA BARU', 14),
	(725, 'SMKN MEUKEK', 12),
	(726, 'SMKN TAMAN FAJAR', 23),
	(727, 'SMKN TRIENGGADENG', 6),
	(728, 'SMKN 1 SINGKIL UTARA', 14),
	(729, 'SMKS AL FITRI BEUREUNUEN', 8),
	(730, 'SMKS BADRUL ULUM', 22),
	(731, 'SMKS BANTA ACHMAD KUALASIMPANG', 11),
	(732, 'SMKS BP Darussalam', 7),
	(733, 'SMKS BP Sirajul Huda Al-Aziziyah', 8),
	(734, 'SMKS DARMA SHALIHAT ALUE BILIE', 15),
	(735, 'SMKS DARUNNAJAH', 22),
	(736, 'SMKS FARMASI CUT MEUTIA', 17),
	(737, 'SMKS HIDAYATUL ANAM', 12),
	(738, 'SMKS IT AL AMANAH', 22),
	(739, 'SMKS Kafilul Yatim', 9),
	(740, 'SMKS KARYA BERINGIN', 3),
	(741, 'SMKS KESEHATAN DARUSSALAM', 3),
	(742, 'SMKS KESEHATAN NURUL HASANAH', 22),
	(743, 'SMKS Kesehatan Putroe Nanggroe', 6),
	(744, 'SMKS KESEHATAN YPUNARA', 9),
	(745, 'SMKS Labuhanhaji Barat', 12),
	(746, 'SMKS LILAWANGSA SIGLI', 8),
	(747, 'SMKS Mahyal Ulum Al-Aziziyah', 2),
	(748, 'SMKS MAIMUN HABSYAH KUALA SIMPANG', 11),
	(749, 'SMKS MUHAMMADIYAH', 17),
	(750, 'SMKS MUTIARA', 8),
	(751, 'SMKS Muzammil Al Aziziyah', 22),
	(752, 'SMKS NUSANTARA', 22),
	(753, 'SMKS PLUS AMAL', 23),
	(754, 'SMKS RAUDHATUSSALIHIN', 22),
	(755, 'SMKS Sabilul Ulum', 11),
	(756, 'SMKS SYUKRONIYAH', 11),
	(757, 'SMKS TERPADU AL AZHAR', 9),
	(758, 'SMKS TERPADU BABUSSALAM', 9),
	(759, 'SMKS TGK.CHIK DITIRO', 8),
	(760, 'SMKS TUNAS HARAPAN SIGLI', 8),
	(761, 'SMKS ULUMUDDIN', 3),
	(762, 'SUPM NEGERI LADONG', 2),
	(763, 'SMA TEUKU NYAK ARIF FATIH BILINGUAL SCHOOL', 17),
	(764, 'SMAS FATIH BILINGUAL SCHOOL', 17),
	(765, 'SLB Negeri Aceh Selatan', 12),
	(766, 'SLB Babul Huda', 9),
	(767, 'SLB NEGERI BINA BANGSA SYAMTALIRA ARON', 9),
	(768, 'SLB AL IKHLAS', 10),
	(769, 'SLB JEUMPA BIREUEN', 10),
	(770, 'SLB NEGERI BIREUEN', 10),
	(771, 'SLB Negeri Terpadu Bireuen', 10),
	(772, 'SLB NEGERI BAMBI', 8),
	(773, 'SLB NEGERI PIDIE', 8),
	(774, 'SLB CINTA MANDIRI', 3),
	(775, 'SLB NEGERI ANEUK NANGGROE', 3),
	(776, 'SLB TNCC', 17),
	(777, 'SLB Negeri Aceh Jaya', 21),
	(778, 'SLB YBSM', 17),
	(779, 'SLBN Pembina Provinsi Aceh', 2),
	(780, 'SLB Nadiatul Khairi', 4),
	(781, 'SLB NEGERI MEULABOH', 4),
	(782, 'SLB Negeri Simeulue', 16),
	(783, 'SLB BUKESRA ACEH', 17),
	(784, 'SLB NEGERI BANDA ACEH', 17),
	(785, 'SLB YPPC BANDA ACEH', 17),
	(786, 'SLB-B YPAC Banda Aceh', 17),
	(787, 'SLB-CD YPAC Banda Aceh', 17),
	(788, 'SLB-YBSM', 17),
	(789, 'SLB GLOBALLANGSA SCHOOL LANGSA', 5),
	(790, 'SLB NEGERI KOTA LANGSA', 5),
	(791, 'SLB TERPADU KOTA LANGSA', 5),
	(792, 'SMPLB KOTA LANGSA', 5),
	(793, 'SLB KOTA LHOKSEUMAWE', 3),
	(794, 'SLB Negeri Syech Abdurrauf', 7),
	(795, 'SLB NEGERI Aceh Barat Daya', 18),
	(796, 'SLB KUTE PANANG', 13),
	(797, 'SLB MUSARA ATE', 13),
	(798, 'SLB Negeri Kebayakan Takengon', 13),
	(799, 'SLB Negeri Pegasing', 13),
	(800, 'SLB Negeri Silih Nara Angkup', 13),
	(801, 'SLB QALBUN INSANNI CELALA', 13),
	(802, 'SLB YRPC TAKENGON', 13),
	(803, 'SLBS QALBUN FITRAH TAKENGON', 13),
	(804, 'SLB Negeri 1 Sabang', 24),
	(805, 'SLB Negeri 2 Sabang', 24),
	(806, 'SLB Rahmatillah', 4),
	(807, 'SLB NEGERI KOTA JANTHO', 2),
	(808, 'SLB Azzahra', 12),
	(809, 'SLB Negeri Al-Fansury', 14),
	(810, 'SLB NEGERI PEMBINA ACEH TAMIANG', 11),
	(811, 'SLB Ashabul Kahfi', 20),
	(812, 'SLB Swasta Anugerah Rizky Nabila', 20),
	(813, 'SLB-YIBM Pondok Gajah', 20),
	(814, 'SLBN PEMBINA BENER MERIAH', 20),
	(815, 'SLBS RESTU PERMATA BUNDA', 20),
	(816, 'SLB Vokasional Muhammadiyah Bireuen', 10),
	(817, 'SLB YTC KUTA BLANG', 10),
	(818, 'SLB Permata Aceh', 8),
	(819, 'SD NEGERI LUAR BIASA SIMPANG EMPAT', 22),
	(820, 'SLB Negeri Semadam', 22),
	(821, 'SLB Bina Generasi Emas', 15),
	(822, 'SLB NEGERI SEUNAGAN', 15),
	(823, 'SLB PEMBINA BLANGKEJEREN', 19),
	(824, 'SLB Swasta Mutiara Louser', 19),
	(825, 'SLB BAITUL ILMI', 6),
	(826, 'SLB NEGERI PIDIE JAYA', 6),
	(827, 'SLB Negeri Aceh Timur', 23),
	(828, 'SLBS CAHAYA', 23),
	(829, 'SLB ANEUK NANGGROE', 9),
	(830, 'SLB BLANG JRUEN', 9),
	(831, 'SLB YPAC DEWANTARA', 9);

-- Dumping structure for table si_data_sekolah.tahun_ajaran
CREATE TABLE IF NOT EXISTS `tahun_ajaran` (
  `id` int NOT NULL AUTO_INCREMENT,
  `tahun` varchar(50) NOT NULL,
  PRIMARY KEY (`id`),
  UNIQUE KEY `tahun` (`tahun`)
) ENGINE=InnoDB AUTO_INCREMENT=5 DEFAULT CHARSET=utf8mb4 COLLATE=utf8mb4_unicode_ci;

-- Dumping data for table si_data_sekolah.tahun_ajaran: ~4 rows (approximately)
INSERT INTO `tahun_ajaran` (`id`, `tahun`) VALUES
	(1, '2020/2021'),
	(2, '2021/2022'),
	(3, '2022/2023'),
	(4, '2023/2024');

-- Dumping structure for table si_data_sekolah.universitas
CREATE TABLE IF NOT EXISTS `universitas` (
  `id` int NOT NULL AUTO_INCREMENT,
  `name` varchar(200) NOT NULL DEFAULT '',
  PRIMARY KEY (`id`)
) ENGINE=InnoDB AUTO_INCREMENT=304 DEFAULT CHARSET=utf8mb4 COLLATE=utf8mb4_unicode_ci;

-- Dumping data for table si_data_sekolah.universitas: ~303 rows (approximately)
INSERT INTO `universitas` (`id`, `name`) VALUES
	(1, 'Universitas Syiah Kuala, Banda Aceh'),
	(2, 'Universitas Malikussaleh, Lhokseumawe'),
	(3, 'Politeknik Negeri Lhokseumawe, Lhokseumawe'),
	(4, 'Politeknik Negeri Aceh, Banda Aceh'),
	(5, 'Universitas Samudra, Langsa'),
	(6, 'Universitas Teuku Umar, Meulaboh'),
	(7, 'Politeknik Aceh, Banda Aceh'),
	(8, 'UIN Ar-Raniry, Banda Aceh'),
	(9, 'STAIN Malikussaleh, Lhokseumawe'),
	(10, 'STAIN Zawiyah Cot Kala, Langsa'),
	(11, 'Akademi Komunitas Negeri (AKN) Aceh Barat Daya'),
	(12, 'STAIN Gajah Putih Takengon'),
	(13, 'IAIN Langsa, Langsa'),
	(14, 'STAIN Gajah Putih Takengon, Takengon'),
	(15, 'STAIN Teungku Dirundeng, Melabuh'),
	(16, 'Politeknik Kesehatan Banda Aceh'),
	(17, 'Universitas Serambi Mekkah'),
	(18, 'Universitas Sumatera Utara, Medan'),
	(19, 'Universitas Negeri Medan, Medan'),
	(20, 'Politeknik Negeri Medan, Medan'),
	(21, 'Politeknik Negeri Media Kreatif, Medan'),
	(22, 'Institut Agama Islam Negeri Sumatera utara, Medan'),
	(23, 'Poltekes Depkes Medan, Medan'),
	(24, 'STAIN Padang Sidempuan, Padang Sidempuan'),
	(25, 'UIN Sumatera Utara, Medan'),
	(26, 'IAIN Padang Sidempuan, Tapanuli Selatan'),
	(27, 'Akademi Teknik Keselamatan Penerbangan (ATKP) Medan'),
	(28, 'Sekolah Tinggi Agama Kristen Protestan Negeri Tarutung'),
	(29, 'Sekolah Tinggi Penyuluhan Pertanian (STTP) Medan'),
	(30, 'Politeknik Negeri Medan'),
	(31, 'kademi Tek. Kes. Penerbangan (ATKP), Medan'),
	(32, 'Sekolah Tinggi Penyuluhan Pertanian Medan '),
	(33, 'Universitas Andalas, Padang'),
	(34, 'Universitas Negeri Padang, Padang'),
	(35, 'Politeknik Negeri Padang, Padang'),
	(36, 'Politeknik Pertanian, Payakumbuh'),
	(37, 'STSI (Sekolah Tinggi Seni Indonesia Padang Panjang), Padang Panjang'),
	(38, 'IAIN Imam Bonjol, Padang'),
	(39, 'STAIN Batusangkar'),
	(40, 'STAIN Bukittinggi'),
	(41, 'ISI Padang Panjang'),
	(42, 'STAIN Sjech M. Djamil Djambek , Bukittinggi'),
	(43, 'Politeknik Negeri Sriwijaya'),
	(44, 'Universitas Riau, Pekanbaru'),
	(45, 'UIN Sultan Syarif Kasim (SUSKA), Pekanbaru'),
	(46, 'Politeknik Negeri Bengkalis'),
	(47, 'Universitas Maritim Raja Ali Haji'),
	(48, 'Politeknik Negeri Batam'),
	(49, 'UIN Sultan Syarif Kasim, Riau'),
	(50, 'STAIN Bengkalis, Riau (Riau)'),
	(51, 'Universitas Jambi, Jambi'),
	(52, 'STAIN Kerinci'),
	(53, 'IAIN Sultan Thaha Saifuddin'),
	(54, 'Politeknik Kesehatan Jambi'),
	(55, 'Universitas Bengkulu, Bengkulu'),
	(56, 'IAIN Bengkulu'),
	(57, 'STAIN CURUP'),
	(58, 'Poltekkes Kemenkes Bengkulu'),
	(59, 'STAIN Curup, Rejang Lebong'),
	(60, 'Universitas Sriwijaya, Palembang'),
	(61, 'Politeknik Negeri Sriwijaya, Palembang'),
	(62, 'Poltekkes depkes Palembang, Palembang'),
	(63, 'Akademi Komunitas Negeri Prabumulih, Prabumulih'),
	(64, 'IAIN Raden Fatah'),
	(65, 'Universitas Lampung, Bandar Lampung'),
	(66, 'Politeknik Negeri Lampung, Bandar Lampung'),
	(67, 'Poltekkes Kemenkes Tanjungkarang, Bandar Lampung'),
	(68, 'STIM (Sekolah Tinggi Olahraga Metro), Kota Metro'),
	(69, 'Institut Agama Islam Negeri Raden Intan, Bandar Lampung'),
	(70, 'STAIN Jurai Siwo Metro'),
	(71, 'IAIN Raden Intan, Bandar Lampung'),
	(72, 'Universitas Bangka Belitung, Bangka Belitung'),
	(73, 'Politeknik Manufaktur, Bangka Belitung'),
	(74, 'Poltekkes Kemenkes Pangkal Pinang, Bangka Belitung'),
	(75, 'STAIN Syekh Abdurrahman Siddik, Bangka Belitung'),
	(76, 'Universitas Sultan Ageng Tirtayasa, Serang'),
	(77, 'Perguruan Tinggi Buddhi, Karawaci'),
	(78, 'IAIN Sultan Maulana Hasanuddin'),
	(79, 'Universitas Pendidikan Indonesia, Kampus Daerah Serang'),
	(80, 'Universitas Terbuka Pondok Cabe'),
	(81, 'Sekolah Tinggi Agama Buddha Negeri Sriwijaya Tangerang'),
	(82, 'Akademi Meteorologi dan Geofisika (AMG) Tangerang'),
	(83, 'Institut Agama Islam Banten (IAIB)'),
	(84, 'Universitas Indonesia'),
	(85, 'Universitas Pertahanan Indonesia (UNHAN)'),
	(86, 'Universitas Negeri Jakarta'),
	(87, 'Universitas Terbuka'),
	(88, 'Politeknik Negeri Jakarta'),
	(89, 'Politeknik Negeri Media Kreatif, Jakarta'),
	(90, 'UIN Syarif Hidayatullah Jakarta‎'),
	(91, 'Sekolah Tinggi Ilmu Pelayaran Jakarta'),
	(92, 'Sekolah Tinggi Manajemen Industri Indonesia'),
	(93, 'Akademi Pimpinan Perusahaan (APP), Jakarta'),
	(94, 'Institut Ilmu Pemerintahan, IIP, Jakarta'),
	(95, 'Sekolah Tinggi Akuntansi Negara, STAN'),
	(96, 'Sekolah Tinggi Hukum Militer, STHM'),
	(97, 'Sekolah Tinggi Ilmu Administrasi, LAN Jakarta'),
	(98, 'Sekolah Tinggi Ilmu Kepolisian (PTIK), Jakarta'),
	(99, 'Sekolah Tinggi Ilmu Pelayaran (STIP), Jakarta'),
	(100, 'Sekolah Tinggi Ilmu Statistik (STIS), Jakarta'),
	(101, 'Sekolah Tinggi Manajemen Industri(STMI), Jakarta'),
	(102, 'Sekolah Tinggi Penerbangan Indonesia (PI), Jakarta'),
	(103, 'Sekolah Tinggi Perikanan (STP), Jakarta'),
	(104, 'Politeknik Kesehatan Jakarta I   '),
	(105, 'Politeknik Kesehatan Jakarta II'),
	(106, 'Politeknik Manufaktur Negeri Bandung, Bandung'),
	(107, 'Universitas Pendidikan Indonesia, Bandung'),
	(108, 'Universitas Padjadjaran, Bandung'),
	(109, 'Universitas Jenderal Achmad Yani, Bandung'),
	(110, 'Institut Pertanian Bogor, Bogor'),
	(111, 'Institut Teknologi Bandung, Bandung'),
	(112, 'Politeknik Negeri Bandung, Bandung'),
	(113, 'Politeknik Indramayu, Indramayu'),
	(114, 'Universitas Siliwangi (UNSIL), Tasikmalaya'),
	(115, 'niversitas Singaperbangsa (UNSIKA), Kampus Daerah Karawang'),
	(116, 'Universitas Swadaya Gunung Jati (Unswagati) di Kota Cirebon'),
	(117, 'Universitas Pendidikan Indonesia, Kampus Daerah Cibiru'),
	(118, 'Universitas Pendidikan Indonesia, Kampus Daerah Tasikmalaya'),
	(119, 'Universitas Pendidikan Indonesia, Kampus Daerah Sumedang'),
	(120, 'Universitas Pendidikan Indonesia, Kampus Daerah Purwakarta'),
	(121, 'Akademi Ilmu Pemasyarakatan (AKIP), Depok'),
	(122, 'Akademi Imigrasi (AIM) Depok'),
	(123, 'Akademi Kimia Analis (AKA) Bogor'),
	(124, 'Sekolah Tinggi Ilmu Administrasi, Bandung'),
	(125, 'Sekolah Tinggi Sandi Negara (STSN), Bogor'),
	(126, 'Sekolah Tinggi Seni Indonesia (STSI), Bandung'),
	(127, 'Sekolah Tinggi Transportasi Darat (STTD), Bekasi'),
	(128, 'Sekolah Tinggi Kesejahteraan Sosial (STKS), Bandung'),
	(129, 'Sekolah Tinggi Pemerintahan Dalam Negeri (STPDN), Sumedang'),
	(130, 'Sekolah Tinggi Penyuluhan Pertanian (STTP) Bogor'),
	(131, 'STAIN Cirebon'),
	(132, 'Politeknik Kesehatan Bandung'),
	(133, 'Politeknik Manufaktur Bandung'),
	(134, 'Politeknik Negeri Bali, Badung'),
	(135, 'Universitas Diponegoro, Semarang'),
	(136, 'Universitas Negeri Semarang, Semarang'),
	(137, 'Universitas Jenderal Soedirman, Purwokerto'),
	(138, 'Universitas Negeri Surakarta Sebelas Maret, Surakarta'),
	(139, 'Politeknik Negeri Semarang, Semarang '),
	(140, 'Politeknik Maritim Negeri Indonesia, Semarang'),
	(141, 'Institut Seni Indonesia Surakarta, Surakarta (ISI Solo, dahulu STSI)'),
	(142, 'Universitas Tidar Magelang, Magelang'),
	(143, 'UIN Walisongo, Semarang'),
	(144, 'IAIN Surakarta, Surakarta'),
	(145, 'STAIN Kudus, Kudus'),
	(146, 'STAIN Pekalongan, Pekalongan'),
	(147, 'IAIN Salatiga, Salatiga'),
	(148, 'IAIN Purwokerto, Purwokerto'),
	(149, 'Akademi Kepolisian (AKPOL),Semarang'),
	(150, 'Akademi Militer (AKMIL) TNI AD, Magelang'),
	(151, 'Akademi Minyak dan Gas Bumi (AKAMIGAS), Blora'),
	(152, 'Akademi Sanitasi dan Kesehatan Lingkungan (ASKK), Purwokerto'),
	(153, 'Sekolah Tinggi Seni Indonesia (STSI), Surakarta'),
	(154, 'Sekolah Tinggi Penyuluhan Pertanian (STTP) Magelang'),
	(155, 'Politeknik Ilmu Pelayaran Semarang'),
	(156, 'Politeknik Kesehatan Semarang'),
	(157, 'Politeknik Kesehatan Surakarta'),
	(158, 'Universitas Gadjah Mada'),
	(159, 'Universitas Negeri Yogyakarta'),
	(160, 'Institut Seni Indonesia Yogyakarta'),
	(161, 'Universita Terbuka  UPBJJ Yogyakarta'),
	(162, 'Akademi Teknologi Kulit Yogyakarta (ATK)'),
	(163, 'Universitas Pembangunan Nasional Veteran (UPN), Yogyakarta'),
	(164, 'UIN Sunan Kalijaga'),
	(165, 'Akademi Angkatan Udara (AAU), Yogyakarta'),
	(166, 'Sekolah Tinggi Pertanahan Nasional (STPN), Yogyakarta'),
	(167, 'Sekolah Tinggi Teknologi Nuklir (STTN), Yogyakarta'),
	(168, 'Politeknik Kesehatan Yogyakarta'),
	(169, 'Universitas Airlangga, Surabaya'),
	(170, 'Universitas Negeri Surabaya, Surabaya'),
	(171, 'Universitas Brawijaya, Malang'),
	(172, 'Universitas Negeri Malang, Malang'),
	(173, 'Universitas Jember, Jember'),
	(174, 'Universitas Trunojoyo, Bangkalan'),
	(175, 'Politeknik Elektronika Negeri Surabaya, Surabaya'),
	(176, 'Politeknik Perkapalan Negeri Surabaya, Surabaya'),
	(177, 'Politeknik Negeri Madura, Sampang'),
	(178, 'Politeknik Negeri Malang, Malang'),
	(179, 'Politeknik Negeri Madiun, Madiun'),
	(180, 'Politeknik Negeri Jember, Jember'),
	(181, 'Institut Teknologi Sepuluh Nopember, Surabaya'),
	(182, 'Akademi Komunitas Negeri, Bojonegoro'),
	(183, 'Akademi Komunitas Negeri, Pacitan'),
	(184, 'Universitas Pembangunan Nasional Veteran (UPN), Surabaya'),
	(185, 'Politeknik Negeri Banyuwangi, Banyuwangi'),
	(186, 'Akademi Komunitas Negeri Lamongan, Lamongan'),
	(187, 'Akademi Komunitas Negeri Sumenep. Sumenep'),
	(188, 'Akademi Komunitas Negeri Bojonegoro, Bojonegoro'),
	(189, 'Universitas Islam Negeri Maulana Malik Ibrahim, Malang'),
	(190, 'STAIN Kediri'),
	(191, 'STAIN Ponorogo'),
	(192, 'UIN Sunan Ampel'),
	(193, 'IAIN Tulungagung'),
	(194, 'UIN Maulana Malik Ibrahim, Malang'),
	(195, 'STAIN Pamekasan, Pamekasan'),
	(196, 'Akademi Angkatan Laut (AAL), Surabaya'),
	(197, 'Teknik Keselamatan Penerbangan (ATKP) Surabaya'),
	(198, 'Sekolah Tinggi Penyuluhan Pertanian (STTP) Malang'),
	(199, 'IAIN Jember, Jember'),
	(200, 'Politeknik Elektronika Negeri Surabaya'),
	(201, 'Politeknik Kesehatan Malang'),
	(202, 'Politeknik Kesehatan Surabaya'),
	(203, 'Politeknik Pertanian Negeri Jember'),
	(204, 'Akademi TKP – Surabaya '),
	(205, 'Universitas Mataram, Mataram'),
	(206, 'IAIN Mataram, Lombok'),
	(207, 'Sekolah Tinggi Agama Hindu Negeri (STAHN) Gde Puja, Mataram'),
	(208, 'Universitas Nusa Cendana, Kupang'),
	(209, 'Politeknik Negeri Kupang, Kupang'),
	(210, 'Politeknik Pertanian Negeri Kupang, Kupang'),
	(211, 'Universitas Udayana, Denpasar'),
	(212, 'Universitas Pendidikan Ganesha, Singaraja'),
	(213, 'Politeknik Negeri Bali, Kuta-Badung'),
	(214, 'Institut Seni Indonesia Denpasar, Denpasar'),
	(215, 'Politeknik Negeri Tanah Lot'),
	(216, 'Institut Hindu Dharma Negeri (IHDN) Denpasar'),
	(217, 'Akademi Kebidanan Pemprov Bali singaraja'),
	(218, 'Sekolah Tinggi Pariwisata Bali'),
	(219, 'Sekolah Tinggi Agama Kristen Negeri (STAKN) Denpasar'),
	(220, 'Politeknik Kesehatan Denpasar'),
	(221, 'Universitas Tanjungpura, Pontianak'),
	(222, 'Politeknik Negeri Pontianak, Pontianak'),
	(223, 'Politeknik Kesehatan Kementerian Kesehatan, Pontianak'),
	(224, 'Politeknik Terpikat Sambas'),
	(225, 'Politeknik Tonggak Equator'),
	(226, 'Politeknik Ketapang'),
	(227, 'Politeknik Tunas Bangsa'),
	(228, 'IAIN Pontianak sebelumnya STAIN Pontianak'),
	(229, 'Universitas Palangka Raya, Palangka Raya'),
	(230, 'IAIN Palangkaraya, Palangkaraya'),
	(231, 'Sekolah Tinggi Agama Hindu Negeri Tampung Peyang, Palangka Raya'),
	(232, 'Sekolah Tinggi Agama Kristen Negeri (STAKN) Palangkaraya'),
	(233, 'Universitas Lambung Mangkurat, Banjarmasin'),
	(234, 'Politeknik Negeri Banjarmasin, Banjarmasin'),
	(235, 'IAIN ANTASARI, Banjarmasin'),
	(236, 'Poltekkes Banjarmasin'),
	(237, 'Ooliteknik Pertanian Negeri Samarinda'),
	(238, 'Universitas Mulawarman, Samarinda'),
	(239, 'Politeknik Negeri Samarinda, Samarinda'),
	(240, 'Politeknik Pertanian Negeri Samarinda, Samarinda'),
	(241, 'Universitas Borneo Tarakan, Tarakan'),
	(242, 'Politeknik Balikpapan, Balikpapan'),
	(243, 'IAIN Samarinda, Samarinda'),
	(244, 'Universitas Borneo Tarakan'),
	(245, 'Universitas Sam Ratulangi, Manado'),
	(246, 'Universitas Negeri Manado, Manado'),
	(247, 'Politeknik Negeri Manado, Manado'),
	(248, 'Politeknik Negeri Nusa Utara, Tahuna'),
	(249, 'IAIN Manado, Manado (Sulawesi Utara)'),
	(250, 'Politeknik Kesehatan Manado'),
	(251, 'Politeknik Negeri Manado'),
	(252, 'Universitas Negeri Gorontalo, Gorontalo'),
	(253, 'IAIN Sultan Amai, Gorontalo'),
	(254, 'Universitas Tadulako, Palu'),
	(255, 'Sekolah Tinggi Ilmu Ekonomi (YPP Mujahidin), Tolitoli'),
	(256, 'IAIN Dato Karamau, Palu'),
	(257, 'STAIN Datokarama, Palu'),
	(258, 'Politeknik Kesehatan Kemenkes Makassar, Makassar'),
	(259, 'Universitas Hasanuddin, Makassar'),
	(260, 'Universitas Negeri Makassar'),
	(261, 'Politeknik Pertanian Negeri Pangkajene Kepulauan, Pangkajene Kepulauan'),
	(262, 'Politeknik Negeri Ujung pandang, Makassar'),
	(263, 'Universitas Maiwa Enrekang'),
	(264, 'Politeknik Negeri Media Kreatif, Makassar'),
	(265, 'Universitas Islam Negeri Makassar'),
	(266, 'UIN Alauddin, Makassar'),
	(267, 'STAIN Watampone, Bone'),
	(268, 'STAIN Parepare, Parepare'),
	(269, 'IAIN Palopo, Palopo'),
	(270, 'Akademi Teknik Keselamatan Penerbangan (ATKP) Makasar'),
	(271, 'Sekolah Tinggi Ilmu Adm, Ujung Pandang'),
	(272, 'Sekolah Tinggi Seni Indonesia, Padang Panjang'),
	(273, 'Sekolah Tinggi Agama Kristen Negeri (STAKN) Toraja'),
	(274, 'Sekolah Tinggi Penyuluhan Pertanian (STTP) Gowa'),
	(275, 'Akademi Teknik Keselamatan Penerbangan Makasar'),
	(276, 'Universitas Haluoleo, Kendari'),
	(277, 'Sekolah Tinggi Pertanian (STIP) Muna Kampus Baru, Muna'),
	(278, 'STAIN Kendari'),
	(279, 'Universitas 19 November Kolaka'),
	(280, 'Universitas Muhammadiyah Kendari'),
	(281, 'Universitas Lakidende'),
	(282, 'Universitas Dayanu Iksanudin'),
	(283, 'Universitas Muhammadiyah Buton'),
	(284, 'Universitas Sulawesi Tenggara'),
	(285, 'IAIN Kendari, Palu'),
	(286, 'Universitas Negeri Sulawesi Barat'),
	(287, 'Universitas Pattimura, Ambon'),
	(288, 'Universitas Darussalam, Ambon'),
	(289, 'Politeknik Negeri Ambon, Ambon'),
	(290, 'Politeknik Perikanan Negeri Tual, Tual'),
	(291, 'STAKPN Ambon'),
	(292, 'IAIN Ambon'),
	(293, 'Sekolah Tinggi Agama Kristen Protestan Negeri Ambon'),
	(294, 'STAIN Ambon'),
	(295, 'Universitas Khairun, Ternate'),
	(296, 'IAIN Ternate, Ternate'),
	(297, 'Universitas Cendrawasih, Jayapura'),
	(298, 'Universitas Musamus Merauke, Merauke'),
	(299, 'STAIN Al-Fatah, Jayapura'),
	(300, 'Sekolah Tinggi. Agama Kristen Negeri (STAKN) Jayapura'),
	(301, 'Universitas Negeri Papua, Manokwari '),
	(302, 'STAIN Sorong, Sorong'),
	(303, 'Sekolah Tinggi Penyuluhan Pertanian (STTP) Manokwari');

-- Dumping structure for table si_data_sekolah.users
CREATE TABLE IF NOT EXISTS `users` (
  `id` int NOT NULL AUTO_INCREMENT,
  `nisn` varchar(20) CHARACTER SET utf8mb4 COLLATE utf8mb4_unicode_ci DEFAULT NULL,
  `username` varchar(200) CHARACTER SET utf8mb4 COLLATE utf8mb4_unicode_ci DEFAULT NULL,
  `name` varchar(200) CHARACTER SET utf8mb4 COLLATE utf8mb4_unicode_ci DEFAULT NULL,
  `password` varchar(200) CHARACTER SET utf8mb4 COLLATE utf8mb4_unicode_ci DEFAULT NULL,
  `role_id` int DEFAULT '3',
  `is_admin` int DEFAULT '0',
  `gender` int DEFAULT NULL,
  `hp` varchar(20) CHARACTER SET utf8mb4 COLLATE utf8mb4_unicode_ci DEFAULT NULL,
  `universitas_id` int DEFAULT NULL,
  `fakultas_id` int DEFAULT NULL,
  `jalur_id` int DEFAULT NULL,
  `kota_id` int DEFAULT NULL,
  `lulusan_id` int DEFAULT NULL,
  `tahun_ajaran_id` int DEFAULT NULL,
  `sekolah_id` int DEFAULT NULL,
  `created_at` datetime DEFAULT CURRENT_TIMESTAMP,
  `updated_at` datetime DEFAULT NULL,
  `karir_id` int DEFAULT NULL,
  `status_study` int DEFAULT NULL,
  PRIMARY KEY (`id`),
  UNIQUE KEY `nisn` (`nisn`),
  KEY `FK_users_roles` (`role_id`),
  KEY `FK_users_universitas` (`universitas_id`),
  KEY `FK_users_kota` (`kota_id`),
  KEY `FK_users_jalur` (`lulusan_id`),
  KEY `FK_users_tahun_ajaran` (`tahun_ajaran_id`),
  KEY `FK_users_sekolah` (`sekolah_id`),
  KEY `FK_users_fakultas` (`fakultas_id`),
  CONSTRAINT `FK_users_fakultas` FOREIGN KEY (`fakultas_id`) REFERENCES `fakultas` (`id`) ON UPDATE CASCADE,
  CONSTRAINT `FK_users_jalur` FOREIGN KEY (`lulusan_id`) REFERENCES `jalur` (`id`) ON UPDATE CASCADE,
  CONSTRAINT `FK_users_kota` FOREIGN KEY (`kota_id`) REFERENCES `kota` (`id`) ON UPDATE CASCADE,
  CONSTRAINT `FK_users_roles` FOREIGN KEY (`role_id`) REFERENCES `roles` (`id`) ON UPDATE CASCADE,
  CONSTRAINT `FK_users_sekolah` FOREIGN KEY (`sekolah_id`) REFERENCES `sekolah` (`id`) ON UPDATE CASCADE,
  CONSTRAINT `FK_users_tahun_ajaran` FOREIGN KEY (`tahun_ajaran_id`) REFERENCES `tahun_ajaran` (`id`) ON UPDATE CASCADE,
  CONSTRAINT `FK_users_universitas` FOREIGN KEY (`universitas_id`) REFERENCES `universitas` (`id`) ON UPDATE CASCADE
) ENGINE=InnoDB AUTO_INCREMENT=93 DEFAULT CHARSET=utf8mb4 COLLATE=utf8mb4_unicode_ci;

-- Dumping data for table si_data_sekolah.users: ~30 rows (approximately)
INSERT INTO `users` (`id`, `nisn`, `username`, `name`, `password`, `role_id`, `is_admin`, `gender`, `hp`, `universitas_id`, `fakultas_id`, `jalur_id`, `kota_id`, `lulusan_id`, `tahun_ajaran_id`, `sekolah_id`, `created_at`, `updated_at`, `karir_id`, `status_study`) VALUES
	(1, NULL, 'super', 'super admin', '$2y$12$TNwMtLJE198bwgr124cUde8I0Iygzrr1mOPYlv5A8laSeiSAyWsEi', 1, 1, 1, NULL, NULL, NULL, NULL, NULL, NULL, NULL, NULL, '2024-07-15 18:24:54', '2024-07-15 19:38:24', NULL, 0),
	(65, NULL, 'kota1', 'kota1', '$2y$12$uWV9kw5IFNUIzxLJBnQfqel3T9dGESqO3kcQ6aNdZxndI2nzU8PBO', 2, 1, 1, '089901239', NULL, NULL, NULL, 3, NULL, NULL, NULL, '2024-07-18 19:47:13', '2024-07-18 19:47:13', NULL, 0),
	(66, NULL, 'kota2', 'kota2', '$2y$12$aijpGjO3tA4d83AN1pJJXe7Gz5RoOA0U2gxsUs6t/Kb.u2iIE0kh6', 2, 1, 1, '0890912390', NULL, NULL, NULL, 18, NULL, NULL, NULL, '2024-07-18 19:47:24', '2024-07-18 19:47:30', NULL, 0),
	(67, NULL, 'admin_sekolah_1', 'admin_sekolah_1', '$2y$12$E6qGPeUV8s65z/bSXHpdjO/QJ4QQGuaRKZcD4LQYNLFVkXr.xWW42', 3, 1, 1, '08210129309', NULL, NULL, NULL, 3, NULL, NULL, 718, '2024-07-18 19:47:58', '2024-07-18 19:47:58', NULL, 0),
	(68, NULL, 'admin_sekolah_2', 'admin_sekolah_2', '$2y$12$k/t.3dQ2RSk.wgPo8KgIculeX6KMhtwN/ctqmo7q6ltPZnXw/Fxfi', 3, 1, 2, '089910293', NULL, NULL, NULL, 3, NULL, NULL, 678, '2024-07-18 19:48:15', '2024-07-18 19:48:15', NULL, 0),
	(69, '20240101', 'siswa1', 'siswa1', NULL, 3, 0, 1, '089912309', 2, 2, 2, 3, NULL, 4, 678, '2024-07-18 19:48:59', '2024-07-18 19:48:59', 20, 0),
	(70, NULL, 'admin_sekolah_by_super', 'admin_sekolah_by_super', '$2y$12$QUlRp/BsEkCd8MUno9bEXOIbWYgrFf6RWUMpv4v.1yt/p0p6Ig4nO', 3, 1, 1, '089912309', NULL, NULL, NULL, 12, NULL, NULL, 18, '2024-07-18 19:52:38', '2024-07-18 19:52:38', NULL, 0),
	(71, '20240102', 'siswa_by_super', 'joni', NULL, 3, 0, 1, '089212301', 1, 1, 1, 5, NULL, 1, 224, '2024-07-18 19:53:44', '2024-07-18 19:53:44', 6, 0),
	(72, '20240103', 'ari', 'ari', NULL, 3, 0, 1, '081023909', 20, 19, 1, 3, NULL, 4, 718, '2024-07-18 19:55:57', '2024-07-18 19:55:57', 10, 0),
	(73, '20240105', 'anisa', 'anisa', NULL, 3, 0, 1, '0890192309', 20, 2, 2, 3, NULL, 1, 718, '2024-07-18 19:56:20', '2024-07-18 19:56:20', 19, 0),
	(74, '20240109', 'wawa', 'wawa', NULL, 3, 0, 1, '08921203901', 1, 1, 1, 3, NULL, 1, 718, '2024-07-18 19:56:40', '2024-07-18 19:56:40', 19, 0),
	(75, NULL, 'kota3', 'kota3', '$2y$12$IgwZWKBffDn6pRqcN6xJtuRBHyXsetT0ZkCWIhuIkuzPxIolh6q5G', 2, 1, 1, '08229102390', NULL, NULL, NULL, 4, NULL, NULL, NULL, '2024-07-18 19:58:05', '2024-07-18 19:58:05', NULL, 0),
	(76, NULL, 'admin_sekolah_by_kota_3', 'admin_sekolah_by_kota_3', '$2y$12$qOTzP3XAqvAn9./dbSTF6uun8ZNmn8CndYSCwR/kKLxqIuPzl.kOa', 3, 1, 1, '08290192309', NULL, NULL, NULL, 4, NULL, NULL, 3, '2024-07-18 19:58:30', '2024-07-18 19:58:30', NULL, 0),
	(77, '20240202', 'lala', 'lala', NULL, 3, 0, 1, '080912390', 19, 21, 1, 4, NULL, 4, 3, '2024-07-18 19:59:03', '2024-07-18 19:59:03', 12, 0),
	(79, '20240110', 'siswa1', 'siswa1', NULL, 3, 0, 1, '01820309', 1, 1, 1, 4, NULL, 1, 3, '2024-07-18 20:01:28', '2024-07-18 20:01:28', 19, 0),
	(80, NULL, 'kota4', 'kota4', '$2y$12$U8JR8v2ETNdiiXIbcesHueuZTs0/mt.8aBxJ9Ni/ZMakJEv4bmJcO', 2, 1, 1, '089012390', NULL, NULL, NULL, 4, NULL, NULL, NULL, '2024-07-18 20:04:31', '2024-07-18 20:04:31', NULL, 0),
	(81, NULL, 'admin_kota', 'admin_kota', '$2y$12$iaX8eSveOKXdg/G7fd/x7OdroW4m6pkieXVzuw4b2.AuDOPncEgpO', 2, 1, 1, '089912309', NULL, NULL, NULL, 24, NULL, NULL, NULL, '2024-07-18 20:06:45', '2024-07-18 20:06:45', NULL, 0),
	(82, NULL, 'admin_sekolah', 'admin_sekolah', '$2y$12$yIRJciXfU6p/LRqAf.Es1.M94980C8RhJ0JWvD7IkYgiJHbR4ZlXe', 3, 1, 1, '08912398', NULL, NULL, NULL, 24, NULL, NULL, 356, '2024-07-18 20:07:33', '2024-07-18 20:07:33', NULL, 0),
	(83, '20240111', 'ani', 'ani', NULL, 3, 0, 2, '08219092310', 1, 1, 1, 24, NULL, 4, 356, '2024-07-18 20:08:19', '2024-07-18 20:08:19', 12, 0),
	(84, '20240112', 'siswa1', 'siswa1', NULL, 3, 0, 1, '08901239', NULL, NULL, 1, 24, NULL, 1, 356, '2024-07-18 20:08:37', '2024-07-18 23:32:53', 16, 2),
	(85, NULL, 'seklah1', 'seklah1', '$2y$12$.VP1GHTn5jZkLIz3/zTfrONQvMKUvv4v22g9v2rX.LpAZPD79EAq6', 3, 1, 1, '081023909', NULL, NULL, NULL, 24, NULL, NULL, 804, '2024-07-18 20:10:36', '2024-07-18 20:10:36', NULL, 0),
	(86, '20240201', 'siswa3', 'siswa3', NULL, 3, 0, 1, '089712309', 1, 1, 1, 24, NULL, 1, 804, '2024-07-18 20:11:13', '2024-07-18 20:11:13', 19, 0),
	(87, '20240203', 'siswa4', 'siswa4', NULL, 3, 0, 1, '08912309', 1, 1, 1, 24, NULL, 1, 804, '2024-07-18 20:11:35', '2024-07-18 20:11:35', 19, 0),
	(88, '20240303', 'siswa4', 'siswa4', NULL, 3, 0, 1, '08912309', 1, 1, 1, 24, NULL, 1, 804, '2024-07-18 20:11:41', '2024-07-18 20:11:41', 19, 0),
	(89, '20240205', 'upin', 'upin', NULL, 3, 0, 1, '089681230', 16, 17, 1, 24, NULL, 4, 356, '2024-07-18 22:53:29', '2024-07-18 23:18:44', NULL, 1),
	(90, '20240207', 'hana', 'hana', NULL, 3, 0, 2, '0899012390', 1, 1, 1, 24, NULL, 4, 356, '2024-07-18 22:58:36', '2024-07-18 22:58:36', NULL, 1),
	(91, '20240208', 'eci', 'eci', NULL, 3, 0, 2, '08990123909', 20, 14, 1, 24, NULL, 4, 356, '2024-07-18 23:04:40', '2024-07-18 23:26:50', NULL, 1);
